#
# There is insufficient memory for the Java Runtime Environment to continue.
# Native memory allocation (mmap) failed to map 65536 bytes. Error detail: Failed to commit metaspace.
# Possible reasons:
#   The system is out of physical RAM or swap space
#   This process is running with CompressedOops enabled, and the Java Heap may be blocking the growth of the native heap
# Possible solutions:
#   Reduce memory load on the system
#   Increase physical memory or swap space
#   Check if swap backing store is full
#   Decrease Java heap size (-Xmx/-Xms)
#   Decrease number of Java threads
#   Decrease Java thread stack sizes (-Xss)
#   Set larger code cache with -XX:ReservedCodeCacheSize=
#   JVM is running with Zero Based Compressed Oops mode in which the Java heap is
#     placed in the first 32GB address space. The Java Heap base address is the
#     maximum limit for the native heap growth. Please use -XX:HeapBaseMinAddress
#     to set the Java Heap base and to place the Java Heap above 32GB virtual address.
# This output file may be truncated or incomplete.
#
#  Out of Memory Error (virtualSpaceNode.cpp:113), pid=26016, tid=24088
#
# JRE version: Java(TM) SE Runtime Environment (25.0.1+8) (build 25.0.1+8-LTS-27)
# Java VM: Java HotSpot(TM) 64-Bit Server VM (25.0.1+8-LTS-27, mixed mode, emulated-client, tiered, compressed oops, compressed class ptrs, g1 gc, windows-amd64)
# No core dump will be written. Minidumps are not enabled by default on client versions of Windows
#

---------------  S U M M A R Y ------------

Command Line: -XX:TieredStopAtLevel=1 com.example.backend.BackendApplication

Host: Intel(R) Core(TM) i5-9300H CPU @ 2.40GHz, 8 cores, 15G,  Windows 11 , 64 bit Build 22621 (10.0.22621.5415)
Time: Sat Apr 18 20:45:17 2026 India Standard Time elapsed time: 0.824200 seconds (0d 0h 0m 0s)

---------------  T H R E A D  ---------------

Current thread (0x0000025d7eeb3cb0):  JavaThread "restartedMain"        [_thread_in_vm, id=24088, stack(0x00000064d4900000,0x00000064d4a00000) (1024K)]

Stack: [0x00000064d4900000,0x00000064d4a00000]
Native frames: (J=compiled Java code, j=interpreted, Vv=VM code, C=native code)
V  [jvm.dll+0x7a6b59]  (no source info available)
V  [jvm.dll+0x77290d]  (no source info available)
V  [jvm.dll+0x966153]  (no source info available)
V  [jvm.dll+0x968751]  (no source info available)
V  [jvm.dll+0x968e53]  (no source info available)
V  [jvm.dll+0x2fc756]  (no source info available)
V  [jvm.dll+0x96301e]  (no source info available)
V  [jvm.dll+0x73db64]  (no source info available)
V  [jvm.dll+0x258f08]  (no source info available)
V  [jvm.dll+0x258cce]  (no source info available)
V  [jvm.dll+0x74063d]  (no source info available)
V  [jvm.dll+0x740245]  (no source info available)
V  [jvm.dll+0x29b372]  (no source info available)
V  [jvm.dll+0x73e588]  (no source info available)
V  [jvm.dll+0x45b28b]  (no source info available)
V  [jvm.dll+0x2825cb]  (no source info available)
V  [jvm.dll+0x6689b5]  (no source info available)
V  [jvm.dll+0x8d5696]  (no source info available)
V  [jvm.dll+0x519692]  (no source info available)
V  [jvm.dll+0x51f108]  (no source info available)
C  [java.dll+0x17f2]  (no source info available)
C  0x0000025d736fd67a  (no source info available)

The last pc belongs to native nmethod (printed below).
Java frames: (J=compiled Java code, j=interpreted, Vv=VM code)
J 662  java.lang.ClassLoader.defineClass1(Ljava/lang/ClassLoader;Ljava/lang/String;[BIILjava/security/ProtectionDomain;Ljava/lang/String;)Ljava/lang/Class; java.base@25.0.1 (0 bytes) @ 0x0000025d736fd641 [0x0000025d736fd580+0x00000000000000c1]
J 876 c1 java.lang.ClassLoader.defineClass(Ljava/lang/String;[BIILjava/security/ProtectionDomain;)Ljava/lang/Class; java.base@25.0.1 (43 bytes) @ 0x0000025d737d03a4 [0x0000025d737d0280+0x0000000000000124]
J 861 c1 jdk.internal.loader.BuiltinClassLoader.defineClass(Ljava/lang/String;Ljdk/internal/loader/Resource;)Ljava/lang/Class; java.base@25.0.1 (121 bytes) @ 0x0000025d737cdafc [0x0000025d737cd580+0x000000000000057c]
J 859 c1 jdk.internal.loader.BuiltinClassLoader.findClassOnClassPathOrNull(Ljava/lang/String;)Ljava/lang/Class; java.base@25.0.1 (38 bytes) @ 0x0000025d737ca6dc [0x0000025d737ca480+0x000000000000025c]
J 523 c1 jdk.internal.loader.BuiltinClassLoader.loadClassOrNull(Ljava/lang/String;Z)Ljava/lang/Class; java.base@25.0.1 (143 bytes) @ 0x0000025d736d409c [0x0000025d736d3c80+0x000000000000041c]
J 717 c1 jdk.internal.loader.BuiltinClassLoader.loadClass(Ljava/lang/String;Z)Ljava/lang/Class; java.base@25.0.1 (22 bytes) @ 0x0000025d73799ddc [0x0000025d73799d80+0x000000000000005c]
J 716 c1 java.lang.ClassLoader.loadClass(Ljava/lang/String;)Ljava/lang/Class; java.base@25.0.1 (7 bytes) @ 0x0000025d73799ad4 [0x0000025d73799a80+0x0000000000000054]
v  ~StubRoutines::call_stub 0x0000025d734212ed
j  org.springframework.boot.autoconfigure.SharedMetadataReaderFactoryContextInitializer.initialize(Lorg/springframework/context/ConfigurableApplicationContext;)V+7
j  org.springframework.boot.SpringApplication.applyInitializers(Lorg/springframework/context/ConfigurableApplicationContext;)V+75
j  org.springframework.boot.SpringApplication.prepareContext(Lorg/springframework/boot/bootstrap/DefaultBootstrapContext;Lorg/springframework/context/ConfigurableApplicationContext;Lorg/springframework/core/env/ConfigurableEnvironment;Lorg/springframework/boot/SpringApplicationRunListeners;Lorg/springframework/boot/ApplicationArguments;Lorg/springframework/boot/Banner;)V+22
j  org.springframework.boot.SpringApplication.run([Ljava/lang/String;)Lorg/springframework/context/ConfigurableApplicationContext;+107
j  org.springframework.boot.SpringApplication.run([Ljava/lang/Class;[Ljava/lang/String;)Lorg/springframework/context/ConfigurableApplicationContext;+9
j  org.springframework.boot.SpringApplication.run(Ljava/lang/Class;[Ljava/lang/String;)Lorg/springframework/context/ConfigurableApplicationContext;+9
j  com.example.backend.BackendApplication.main([Ljava/lang/String;)V+3
j  java.lang.invoke.LambdaForm$DMH+0x000000001d109000.invokeStatic(Ljava/lang/Object;Ljava/lang/Object;)V+10 java.base@25.0.1
j  java.lang.invoke.LambdaForm$MH+0x000000001d109c00.invoke(Ljava/lang/Object;Ljava/lang/Object;Ljava/lang/Object;)Ljava/lang/Object;+33 java.base@25.0.1
j  java.lang.invoke.Invokers$Holder.invokeExact_MT(Ljava/lang/Object;Ljava/lang/Object;Ljava/lang/Object;Ljava/lang/Object;)Ljava/lang/Object;+20 java.base@25.0.1
j  jdk.internal.reflect.DirectMethodHandleAccessor.invokeImpl(Ljava/lang/Object;[Ljava/lang/Object;)Ljava/lang/Object;+55 java.base@25.0.1
j  jdk.internal.reflect.DirectMethodHandleAccessor.invoke(Ljava/lang/Object;[Ljava/lang/Object;)Ljava/lang/Object;+23 java.base@25.0.1
j  java.lang.reflect.Method.invoke(Ljava/lang/Object;[Ljava/lang/Object;)Ljava/lang/Object;+102 java.base@25.0.1
j  org.springframework.boot.devtools.restart.RestartLauncher.run()V+47
v  ~StubRoutines::call_stub 0x0000025d734212ed
Lock stack of current Java thread (top to bottom):
LockStack[0]: java.lang.Object 
{0x0000000711d8aab0} - klass: 'java/lang/Object' - flags: 

 - ---- fields (total size 2 words):


Compiled method (n/a) 934  662     n 0       java.lang.ClassLoader::defineClass1 (native)
 total in heap  [0x0000025d736fd488,0x0000025d736fd8a8] = 1056
 main code      [0x0000025d736fd580,0x0000025d736fd8a8] = 808
 mutable data [0x0000025d7e9e98a0,0x0000025d7e9e98c0] = 32
 relocation     [0x0000025d7e9e98a0,0x0000025d7e9e98c0] = 32

[Constant Pool (empty)]

[MachCode]
[Entry Point]
  # {method} {0x0000025d00028130} 'defineClass1' '(Ljava/lang/ClassLoader;Ljava/lang/String;[BIILjava/security/ProtectionDomain;Ljava/lang/String;)Ljava/lang/Class;' in 'java/lang/ClassLoader'
  # parm0:    rdx:rdx   = 'java/lang/ClassLoader'
  # parm1:    r8:r8     = 'java/lang/String'
  # parm2:    r9:r9     = '[B'
  # parm3:    rdi       = int
  # parm4:    rsi       = int
  # parm5:    rcx:rcx   = 'java/security/ProtectionDomain'
  # parm6:    [sp+0xa0]   = 'java/lang/String'  (sp of caller)
  0x0000025d736fd580: 6690 448b | 5208 443b 

  0x0000025d736fd588: ;   {runtime_call Shared Runtime ic_miss_blob}
  0x0000025d736fd588: 5008 0f85 | 5015 d7ff 
[Verified Entry Point]
  0x0000025d736fd590: 8984 2400 | 80ff ff55 | 488b ec48 | 81ec 9000 | 0000 6690 | 4181 7f20 | 0100 0000 

  0x0000025d736fd5ac: ;   {runtime_call Stub::method_entry_barrier}
  0x0000025d736fd5ac: 7405 e82d | 6cd5 ff48 | 837d 1000 | 488d 4510 | 480f 4445 | 1048 8944 | 2440 4889 | 4c24 7048 
  0x0000025d736fd5cc: 83f9 0048 | 8d44 2470 | 480f 4444 | 2470 4889 | 4424 3848 | 8974 2430 | 4889 7c24 | 284c 894c 
  0x0000025d736fd5ec: 2458 4983 | f900 488d | 4424 5848 | 0f44 4424 | 5848 8944 | 2420 4c89 | 4424 5049 | 83f8 004c 
  0x0000025d736fd60c: 8d4c 2450 | 4c0f 444c | 2450 4889 | 5424 4848 | 83fa 004c | 8d44 2448 | 4c0f 4444 

  0x0000025d736fd628: ;   {oop(a 'java/lang/Class'{0x000000070f223378} = 'java/lang/ClassLoader')}
  0x0000025d736fd628: 2448 49be | 7833 220f | 0700 0000 | 4c89 7424 | 784c 8d74 | 2478 498b | d6c5 f877 

  0x0000025d736fd644: ;   {internal_word}
  0x0000025d736fd644: 49ba 41d6 | 6f73 5d02 | 0000 4d89 | 9730 0400 | 0049 89a7 | 2804 0000 | 498d 8f48 | 0400 0041 
  0x0000025d736fd664: c787 d404 | 0000 0400 

  0x0000025d736fd66c: ;   {runtime_call}
  0x0000025d736fd66c: 0000 48b8 | a816 e7cc | fa7f 0000 | ffd0 c5f8 | 7741 c787 | d404 0000 | 0500 0000 | f083 4424 
  0x0000025d736fd68c: c000 493b | 6f28 0f87 | 0e00 0000 | 4183 bfd0 | 0400 0000 | 0f84 2b00 | 0000 c5f8 | 7748 8945 
  0x0000025d736fd6ac: f849 8bcf | 4c8b e448 | 83ec 2048 

  0x0000025d736fd6b8: ;   {runtime_call}
  0x0000025d736fd6b8: 83e4 f048 | b8a0 acde | fbf9 7f00 | 00ff d049 | 8be4 4d33 | e448 8b45 | f841 c787 | d404 0000 
  0x0000025d736fd6d8: 0800 0000 | 4183 bf50 | 0500 0002 | 0f84 9101 | 0000 49c7 | 8728 0400 | 0000 0000 | 0049 c787 
  0x0000025d736fd6f8: 3004 0000 | 0000 0000 | c5f8 7748 | 85c0 0f84 | 2f01 0000 | a803 0f85 | 0800 0000 | 488b 00e9 
  0x0000025d736fd718: 1f01 0000 | a801 0f85 | 0900 0000 | 488b 40fe | e90e 0100 | 0048 8b40 | ff41 807f | 4800 0f84 
  0x0000025d736fd738: ff00 0000 | 4883 f800 | 0f84 f500 | 0000 498b | 4f38 4885 | c90f 8414 | 0000 0048 | 83e9 0849 
  0x0000025d736fd758: 894f 3849 | 034f 4048 | 8901 e9d4 | 0000 0048 | 83ec 7048 | 8904 2448 | 894c 2408 | 4889 5424 
  0x0000025d736fd778: 104c 8944 | 2418 4c89 | 4c24 204c | 8954 2428 | 4c89 5c24 | 30c5 fb11 | 4424 40c5 | fb11 4c24 
  0x0000025d736fd798: 48c5 fb11 | 5424 50c5 | fb11 5c24 | 58c5 fb11 | 6424 60c5 | fb11 6c24 | 6849 8bd7 | 488b c848 
  0x0000025d736fd7b8: ;   {other}
  0x0000025d736fd7b8: 83ec 2040 | f6c4 0f0f | 8419 0000 | 0048 83ec 

  0x0000025d736fd7c8: ;   {runtime_call}
  0x0000025d736fd7c8: 0848 b820 | 76d1 fbf9 | 7f00 00ff | d048 83c4 | 08e9 0c00 

  0x0000025d736fd7dc: ;   {runtime_call}
  0x0000025d736fd7dc: 0000 48b8 | 2076 d1fb | f97f 0000 | ffd0 4883 | c420 c5fb | 106c 2468 | c5fb 1064 | 2460 c5fb 
  0x0000025d736fd7fc: 105c 2458 | c5fb 1054 | 2450 c5fb | 104c 2448 | c5fb 1044 | 2440 4c8b | 5c24 304c | 8b54 2428 
  0x0000025d736fd81c: 4c8b 4c24 | 204c 8b44 | 2418 488b | 5424 1048 | 8b4c 2408 | 488b 0424 | 4883 c470 | c5f8 7749 
  0x0000025d736fd83c: 8b8f b804 | 0000 c781 | 0001 0000 | 0000 0000 

  0x0000025d736fd84c: ;   {poll_return}
  0x0000025d736fd84c: c941 f647 | 2801 7416 

  0x0000025d736fd854: ;   {internal_word}
  0x0000025d736fd854: 49ba 4dd8 | 6f73 5d02 | 0000 4d89 | 97e0 0400 

  0x0000025d736fd864: ;   {runtime_call SafepointBlob}
  0x0000025d736fd864: 00e9 f636 | d7ff 4983 | 7f08 000f | 8501 0000 

  0x0000025d736fd874: ;   {runtime_call Stub::forward_exception}
  0x0000025d736fd874: 00c3 e965 | 39d2 ffc5 | f877 4889 | 45f8 4c8b | e448 83ec | 2048 83e4 

  0x0000025d736fd88c: ;   {runtime_call}
  0x0000025d736fd88c: f048 b810 | f717 fcf9 | 7f00 00ff | d049 8be4 | 4d33 e448 | 8b45 f8e9 | 42fe ffff 
[/MachCode]


Compiled method (c1) 940  876       1       java.lang.ClassLoader::defineClass (43 bytes)
 total in heap  [0x0000025d737d0188,0x0000025d737d04c0] = 824
 main code      [0x0000025d737d0280,0x0000025d737d0448] = 456
 stub code      [0x0000025d737d0448,0x0000025d737d04c0] = 120
 mutable data [0x0000025d7ed35490,0x0000025d7ed35538] = 168
 relocation     [0x0000025d7ed35490,0x0000025d7ed354f8] = 104
 metadata       [0x0000025d7ed354f8,0x0000025d7ed35538] = 64
 immutable data [0x0000025d7ed48ae0,0x0000025d7ed48c78] = 408
 dependencies   [0x0000025d7ed48ae0,0x0000025d7ed48af8] = 24
 nul chk table  [0x0000025d7ed48af8,0x0000025d7ed48b20] = 40
 scopes pcs     [0x0000025d7ed48b20,0x0000025d7ed48bc0] = 160
 scopes data    [0x0000025d7ed48bc0,0x0000025d7ed48c78] = 184

[Constant Pool (empty)]

[MachCode]
[Instructions begin]
  0x0000025d737d0280: 6666 660f | 1f84 0000 | 0000 0066 | 6666 9066 | 6690 448b | 5208 443b 

  0x0000025d737d0298: ;   {runtime_call Shared Runtime ic_miss_blob}
  0x0000025d737d0298: 5008 0f85 | 40e8 c9ff 
[Verified Entry Point]
  0x0000025d737d02a0: 8984 2400 | 80ff ff55 | 4881 ecb0 | 0000 0090 | 4181 7f20 | 0100 0000 

  0x0000025d737d02b8: ;   {runtime_call Stub::method_entry_barrier}
  0x0000025d737d02b8: 7405 e821 | 3fc8 ff48 | 8954 2478 | 89b4 2494 | 0000 0089 | bc24 9000 | 0000 4c89 | 8c24 8800 
  0x0000025d737d02d8: 0000 498b | d84c 8bc3 | 4c8b c948 | 8bca 488b | d148 899c | 2480 0000 | 0066 0f1f 

  0x0000025d737d02f4: ;   {optimized virtual_call}
  0x0000025d737d02f4: 4400 00e8 

  0x0000025d737d02f8: ; ImmutableOopMap {[120]=Oop [128]=Oop [136]=Oop }
                      ;*invokevirtual preDefineClass {reexecute=0 rethrow=0 return_oop=0}
                      ; - java.lang.ClassLoader::defineClass@4 (line 960)
  0x0000025d737d02f8: a418 0000 

  0x0000025d737d02fc: ;   {post_call_nop}
  0x0000025d737d02fc: 0f1f 8400 | 7401 0000 | 4889 8424 | 9800 0000 

  0x0000025d737d030c: ; implicit exception: dispatches to 0x0000025d737d03ef
  0x0000025d737d030c: 448b 4010 | 49c1 e003 | 4d85 c00f | 850f 0000 

  0x0000025d737d031c: ;   {oop(nullptr)}
  0x0000025d737d031c: 0048 bb00 | 0000 0000 | 0000 00e9 | 4300 0000 

  0x0000025d737d032c: ; implicit exception: dispatches to 0x0000025d737d03f4
  0x0000025d737d032c: 458b 400c | 49c1 e003 | 4d85 c00f | 850f 0000 

  0x0000025d737d033c: ;   {oop(nullptr)}
  0x0000025d737d033c: 0048 bb00 | 0000 0000 | 0000 00e9 | 2300 0000 

  0x0000025d737d034c: ; implicit exception: dispatches to 0x0000025d737d03f9
  0x0000025d737d034c: 418b 5038 | 48c1 e203 

  0x0000025d737d0354: ; implicit exception: dispatches to 0x0000025d737d03fe
                      ;   {optimized virtual_call}
  0x0000025d737d0354: 483b 02e8 

  0x0000025d737d0358: ; ImmutableOopMap {[120]=Oop [128]=Oop [136]=Oop [152]=Oop }
                      ;*invokevirtual toExternalForm {reexecute=0 rethrow=0 return_oop=0}
                      ; - java.net.URL::toExternalForm@5 (line 1153)
                      ; - java.net.URL::toString@1 (line 1139)
                      ; - java.lang.ClassLoader::defineClassSourceLocation@22 (line 864)
                      ; - java.lang.ClassLoader::defineClass@12 (line 961)
  0x0000025d737d0358: c4dd fcff 

  0x0000025d737d035c: ;   {post_call_nop}
  0x0000025d737d035c: 0f1f 8400 | d401 0001 | 488b d848 | 8b84 2498 | 0000 008b | b424 9400 | 0000 8bbc | 2490 0000 
  0x0000025d737d037c: 004c 8b8c | 2488 0000 | 004c 8b84 | 2480 0000 | 0048 8b54 | 2478 4c8b | da49 8bd3 | 488b c848 
  0x0000025d737d039c: ;   {static_call}
  0x0000025d737d039c: 891c 24e8 

  0x0000025d737d03a0: ; ImmutableOopMap {[120]=Oop [152]=Oop }
                      ;*invokestatic defineClass1 {reexecute=0 rethrow=0 return_oop=0}
                      ; - java.lang.ClassLoader::defineClass@27 (line 962)
  0x0000025d737d03a0: ecd1 f2ff 

  0x0000025d737d03a4: ;   {post_call_nop}
  0x0000025d737d03a4: 0f1f 8400 | 1c02 0002 | 4c8b c04c | 8b8c 2498 | 0000 0048 | 8b54 2478 | 4889 8424 | a000 0000 
  0x0000025d737d03c4: ;   {optimized virtual_call}
  0x0000025d737d03c4: 6666 90e8 

  0x0000025d737d03c8: ; ImmutableOopMap {[160]=Oop }
                      ;*invokevirtual postDefineClass {reexecute=0 rethrow=0 return_oop=0}
                      ; - java.lang.ClassLoader::defineClass@37 (line 963)
  0x0000025d737d03c8: d40d 0000 

  0x0000025d737d03cc: ;   {post_call_nop}
  0x0000025d737d03cc: 0f1f 8400 | 4402 0003 | 488b 8424 | a000 0000 | 4881 c4b0 | 0000 005d 

  0x0000025d737d03e4: ;   {poll_return}
  0x0000025d737d03e4: 493b 6728 | 0f87 1500 

  0x0000025d737d03ec: ;   {runtime_call C1 Runtime throw_null_pointer_exception_blob}
  0x0000025d737d03ec: 0000 c3e8 

  0x0000025d737d03f0: ; ImmutableOopMap {rax=Oop [120]=Oop [128]=Oop [136]=Oop [152]=Oop }
                      ;*invokevirtual getCodeSource {reexecute=0 rethrow=0 return_oop=0}
                      ; - java.lang.ClassLoader::defineClassSourceLocation@1 (line 861)
                      ; - java.lang.ClassLoader::defineClass@12 (line 961)
  0x0000025d737d03f0: 6c8b d4ff 

  0x0000025d737d03f4: ;   {runtime_call C1 Runtime throw_null_pointer_exception_blob}
  0x0000025d737d03f4: e867 8bd4 

  0x0000025d737d03f8: ; ImmutableOopMap {rax=Oop [120]=Oop [128]=Oop [136]=Oop [152]=Oop }
                      ;*invokevirtual getLocation {reexecute=0 rethrow=0 return_oop=0}
                      ; - java.lang.ClassLoader::defineClassSourceLocation@12 (line 863)
                      ; - java.lang.ClassLoader::defineClass@12 (line 961)
                      ;   {runtime_call C1 Runtime throw_null_pointer_exception_blob}
  0x0000025d737d03f8: ffe8 628b 

  0x0000025d737d03fc: ; ImmutableOopMap {r8=Oop [120]=Oop [128]=Oop [136]=Oop [152]=Oop }
                      ;*invokevirtual toString {reexecute=0 rethrow=0 return_oop=0}
                      ; - java.lang.ClassLoader::defineClassSourceLocation@22 (line 864)
                      ; - java.lang.ClassLoader::defineClass@12 (line 961)
                      ;   {runtime_call C1 Runtime throw_null_pointer_exception_blob}
  0x0000025d737d03fc: d4ff e85d 

  0x0000025d737d0400: ; ImmutableOopMap {r8=Oop rdx=Oop [120]=Oop [128]=Oop [136]=Oop [152]=Oop }
                      ;*invokevirtual toExternalForm {reexecute=0 rethrow=0 return_oop=0}
                      ; - java.net.URL::toExternalForm@5 (line 1153)
                      ; - java.net.URL::toString@1 (line 1139)
                      ; - java.lang.ClassLoader::defineClassSourceLocation@22 (line 864)
                      ; - java.lang.ClassLoader::defineClass@12 (line 961)
                      ;   {internal_word}
  0x0000025d737d0400: 8bd4 ff49 | bae4 037d | 735d 0200 | 004d 8997 | e004 0000 

  0x0000025d737d0414: ;   {runtime_call SafepointBlob}
  0x0000025d737d0414: e947 0bca | ff49 8b87 | 8805 0000 | 49c7 8788 | 0500 0000 | 0000 0049 | c787 9005 | 0000 0000 
  0x0000025d737d0434: 0000 4881 | c4b0 0000 

  0x0000025d737d043c: ;   {runtime_call C1 Runtime unwind_exception_blob}
  0x0000025d737d043c: 005d e91d | 7cd4 fff4 | f4f4 f4f4 
[Stub Code]
  0x0000025d737d0448: ;   {other}
  0x0000025d737d0448: 0f1f 4400 

  0x0000025d737d044c: ;   {static_stub}
  0x0000025d737d044c: 0048 bb00 | 0000 0000 

  0x0000025d737d0454: ;   {runtime_call nmethod}
  0x0000025d737d0454: 0000 00e9 | fbff ffff 

  0x0000025d737d045c: ;   {static_stub}
  0x0000025d737d045c: 48bb 0000 | 0000 0000 

  0x0000025d737d0464: ;   {runtime_call nmethod}
  0x0000025d737d0464: 0000 e9fb 

  0x0000025d737d0468: ;   {static_stub}
  0x0000025d737d0468: ffff ff48 | bb00 0000 | 0000 0000 

  0x0000025d737d0474: ;   {runtime_call nmethod}
  0x0000025d737d0474: 00e9 fbff 

  0x0000025d737d0478: ;   {static_stub}
  0x0000025d737d0478: ffff 48bb | 0000 0000 | 0000 0000 

  0x0000025d737d0484: ;   {runtime_call nmethod}
  0x0000025d737d0484: e9fb ffff 

  0x0000025d737d0488: ;   {runtime_call C1 Runtime handle_exception_from_callee_blob}
  0x0000025d737d0488: ffe8 d2a8 

  0x0000025d737d048c: ;   {external_word}
  0x0000025d737d048c: d4ff 48b9 | 4808 41fc | f97f 0000 | 4883 e4f0 

  0x0000025d737d049c: ;   {runtime_call}
  0x0000025d737d049c: 48b8 008d | 04fc f97f | 0000 ffd0 

  0x0000025d737d04a8: ;   {section_word}
  0x0000025d737d04a8: f449 baa9 | 047d 735d | 0200 0041 

  0x0000025d737d04b4: ;   {runtime_call DeoptimizationBlob}
  0x0000025d737d04b4: 52e9 a60d | caff f4f4 | f4f4 f4f4 
[/MachCode]


Compiled method (c1) 947  861       1       jdk.internal.loader.BuiltinClassLoader::defineClass (121 bytes)
 total in heap  [0x0000025d737cd488,0x0000025d737cddb8] = 2352
 main code      [0x0000025d737cd580,0x0000025d737cdc98] = 1816
 stub code      [0x0000025d737cdc98,0x0000025d737cddb8] = 288
 mutable data [0x0000025d7ed47e60,0x0000025d7ed48000] = 416
 relocation     [0x0000025d7ed47e60,0x0000025d7ed47fa8] = 328
 metadata       [0x0000025d7ed47fa8,0x0000025d7ed48000] = 88
 immutable data [0x0000025d7ed47a00,0x0000025d7ed47e50] = 1104
 dependencies   [0x0000025d7ed47a00,0x0000025d7ed47a20] = 32
 nul chk table  [0x0000025d7ed47a20,0x0000025d7ed47a40] = 32
 handler table  [0x0000025d7ed47a40,0x0000025d7ed47a58] = 24
 scopes pcs     [0x0000025d7ed47a58,0x0000025d7ed47bf8] = 416
 scopes data    [0x0000025d7ed47bf8,0x0000025d7ed47e50] = 600

[Constant Pool (empty)]

[MachCode]
[Instructions begin]
  0x0000025d737cd580: 6666 660f | 1f84 0000 | 0000 0066 | 6666 9066 | 6690 448b | 5208 443b 

  0x0000025d737cd598: ;   {runtime_call Shared Runtime ic_miss_blob}
  0x0000025d737cd598: 5008 0f85 | 4015 caff 
[Verified Entry Point]
  0x0000025d737cd5a0: 8984 2400 | 80ff ff55 | 4881 ec00 | 0100 0090 | 4181 7f20 | 0100 0000 

  0x0000025d737cd5b8: ;   {runtime_call Stub::method_entry_barrier}
  0x0000025d737cd5b8: 7405 e821 | 6cc8 ff48 | 8994 24a0 | 0000 004c | 8984 2490 | 0000 004c | 898c 2498 | 0000 0049 
  0x0000025d737cd5d8: 8bd1 6666 | 9048 b860 | d56f 7e5d 

  0x0000025d737cd5e4: ;   {virtual_call}
  0x0000025d737cd5e4: 0200 00e8 

  0x0000025d737cd5e8: ; ImmutableOopMap {[144]=Oop [152]=Oop [160]=Oop }
                      ;*invokevirtual getCodeSourceURL {reexecute=0 rethrow=0 return_oop=0}
                      ; - jdk.internal.loader.BuiltinClassLoader::defineClass@1 (line 756)
  0x0000025d737cd5e8: a638 0000 

  0x0000025d737cd5ec: ;   {post_call_nop}
  0x0000025d737cd5ec: 0f1f 8400 | 6401 0000 | 4889 8424 | a800 0000 | 4c8b 8424 | 9000 0000 

  0x0000025d737cd604: ; implicit exception: dispatches to 0x0000025d737cdb98
  0x0000025d737cd604: 418b 7014 | 48c1 e603 

  0x0000025d737cd60c: ; implicit exception: dispatches to 0x0000025d737cdb9d
  0x0000025d737cd60c: 8b56 0c45 | 0fbe 4810 | 498b c9c1 | e118 c1f9 | 18d3 fa48 | 8bfa ffcf | 4585 c9ba | 0000 0000 
  0x0000025d737cd62c: 7505 ba01 | 0000 0083 | e201 85d2 | 488b d641 | b82e 0000 | 004c 8bcf | 0f84 1700 | 0000 0f1f 
  0x0000025d737cd64c: ;   {static_call}
  0x0000025d737cd64c: 4400 00e8 

  0x0000025d737cd650: ; ImmutableOopMap {[144]=Oop [152]=Oop [160]=Oop [168]=Oop }
                      ;*invokestatic lastIndexOf {reexecute=0 rethrow=0 return_oop=0}
                      ; - java.lang.String::lastIndexOf@13 (line 2638)
                      ; - java.lang.String::lastIndexOf@8 (line 2600)
                      ; - jdk.internal.loader.BuiltinClassLoader::defineClass@8 (line 759)
  0x0000025d737cd650: acbb e8ff 

  0x0000025d737cd654: ;   {post_call_nop}
  0x0000025d737cd654: 0f1f 8400 | cc01 0001 | e913 0000 | 0066 0f1f 

  0x0000025d737cd664: ;   {static_call}
  0x0000025d737cd664: 4400 00e8 

  0x0000025d737cd668: ; ImmutableOopMap {[144]=Oop [152]=Oop [160]=Oop [168]=Oop }
                      ;*invokestatic lastIndexOf {reexecute=0 rethrow=0 return_oop=0}
                      ; - java.lang.String::lastIndexOf@25 (line 2639)
                      ; - java.lang.String::lastIndexOf@8 (line 2600)
                      ; - jdk.internal.loader.BuiltinClassLoader::defineClass@8 (line 759)
  0x0000025d737cd668: 741d caff 

  0x0000025d737cd66c: ;   {post_call_nop}
  0x0000025d737cd66c: 0f1f 8400 | e401 0002 | 83f8 ff0f | 847f 0000 | 0041 b800 | 0000 004c | 8bc8 488b | 9424 9000 
  0x0000025d737cd68c: ;   {optimized virtual_call}
  0x0000025d737cd68c: 0000 90e8 

  0x0000025d737cd690: ; ImmutableOopMap {[144]=Oop [152]=Oop [160]=Oop [168]=Oop }
                      ;*invokevirtual substring {reexecute=0 rethrow=0 return_oop=0}
                      ; - jdk.internal.loader.BuiltinClassLoader::defineClass@23 (line 761)
  0x0000025d737cd690: 0c72 ebff 

  0x0000025d737cd694: ;   {post_call_nop}
  0x0000025d737cd694: 0f1f 8400 | 0c02 0003 | 488b 9424 | 9800 0000 | 4889 8424 | b000 0000 | 9048 b888 | d56f 7e5d 
  0x0000025d737cd6b4: ;   {virtual_call}
  0x0000025d737cd6b4: 0200 00e8 

  0x0000025d737cd6b8: ; ImmutableOopMap {[144]=Oop [152]=Oop [160]=Oop [168]=Oop [176]=Oop }
                      ;*invokevirtual getManifest {reexecute=0 rethrow=0 return_oop=0}
                      ; - jdk.internal.loader.BuiltinClassLoader::defineClass@29 (line 762)
  0x0000025d737cd6b8: 5656 0000 

  0x0000025d737cd6bc: ;   {post_call_nop}
  0x0000025d737cd6bc: 0f1f 8400 | 3402 0004 | 4c8b 8424 | b000 0000 | 4c8b c848 | 8bbc 24a8 | 0000 0048 | 8b94 24a0 
  0x0000025d737cd6dc: 0000 0066 | 0f1f 4400 | 0048 b8b0 | d56f 7e5d 

  0x0000025d737cd6ec: ;   {virtual_call}
  0x0000025d737cd6ec: 0200 00e8 

  0x0000025d737cd6f0: ; ImmutableOopMap {[144]=Oop [152]=Oop [160]=Oop [168]=Oop }
                      ;*invokevirtual defineOrCheckPackage {reexecute=0 rethrow=0 return_oop=0}
                      ; - jdk.internal.loader.BuiltinClassLoader::defineClass@40 (line 763)
  0x0000025d737cd6f0: 1ed4 ffff 

  0x0000025d737cd6f4: ;   {post_call_nop}
  0x0000025d737cd6f4: 0f1f 8400 | 6c02 0005 | 4c8b 8c24 | 9800 0000 | 488d 9424 | e000 0000 | 4c89 4a08 | 498b 0141 
  0x0000025d737cd714: 8bb7 d806 | 0000 81fe | 2807 0000 | 0f8d 7c04 | 0000 4d3b | 4c37 f80f | 8425 0000 | 00a8 020f 
  0x0000025d737cd734: 8569 0400 | 0048 8bf0 | 4883 e6fe | 4883 c801 | f049 0fb1 | 310f 8553 | 0400 0041 | 8bb7 d806 
  0x0000025d737cd754: 0000 4d89 | 0c37 83c6 | 0841 89b7 | d806 0000 | 418b 510c | 48c1 e203 | 4885 d20f | 8553 0000 
  0x0000025d737cd774: 0049 8bd1 | 0f1f 4400 | 0048 b8d8 | d56f 7e5d 

  0x0000025d737cd784: ;   {virtual_call}
  0x0000025d737cd784: 0200 00e8 

  0x0000025d737cd788: ; ImmutableOopMap {[144]=Oop [152]=Oop [160]=Oop [168]=Oop [232]=Oop }
                      ;*invokevirtual getInputStream {reexecute=0 rethrow=0 return_oop=0}
                      ; - jdk.internal.loader.Resource::cachedInputStream@9 (line 76)
                      ; - jdk.internal.loader.Resource::getByteBuffer@1 (line 133)
                      ; - jdk.internal.loader.BuiltinClassLoader::defineClass@45 (line 767)
  0x0000025d737cd788: 0666 0000 

  0x0000025d737cd78c: ;   {post_call_nop}
  0x0000025d737cd78c: 0f1f 8400 | 0403 0006 | 410f be57 | 4885 d24c | 8b8c 2498 | 0000 000f | 850c 0400 | 004c 8bd0 
  0x0000025d737cd7ac: 49c1 ea03 | 4589 510c | 498b d148 | 33d0 48c1 | ea15 4883 | fa00 0f85 | 0d04 0000 | 418b 510c 
  0x0000025d737cd7cc: 48c1 e203 | 488d 8424 | e000 0000 | 488b 7808 | 418b b7d8 | 0600 0049 | 3b7c 37f8 | 0f85 ff03 
  0x0000025d737cd7ec: 0000 4183 | afd8 0600 | 0008 493b | 7c37 f00f | 842a 0000 | 0048 8b07 | a802 0f85 | 1200 0000 
  0x0000025d737cd80c: 488b f048 | 83ce 01f0 | 480f b137 | 0f84 0d00 | 0000 4183 | 87d8 0600 | 0008 e9c2 | 0300 0048 
  0x0000025d737cd82c: 85d2 0f84 | 3600 0000 

  0x0000025d737cd834: ;   {metadata('sun/nio/ByteBuffered')}
  0x0000025d737cd834: 48b8 b03c | 3d00 5d02 | 0000 8b5a | 0848 3b43 | 200f 8424 | 0000 0048 | 3bd8 0f84 | 1b00 0000 
  0x0000025d737cd854: ;   {runtime_call C1 Runtime slow_subtype_check_blob}
  0x0000025d737cd854: 5350 e805 | e1d4 ff5b | 5b85 db0f | 8405 0000 | 00e9 0500 | 0000 4833 | f6eb 05be | 0100 0000 
  0x0000025d737cd874: 85f6 0f84 | 5d00 0000 | 4885 d20f | 8436 0000 

  0x0000025d737cd884: ;   {metadata('sun/nio/ByteBuffered')}
  0x0000025d737cd884: 0048 bbb0 | 3c3d 005d | 0200 008b | 7a08 483b | 5f20 0f84 | 1f00 0000 | 483b fb0f | 8416 0000 
  0x0000025d737cd8a4: ;   {runtime_call C1 Runtime slow_subtype_check_blob}
  0x0000025d737cd8a4: 0057 53e8 | b4e0 d4ff | 5f5f 85ff | 0f84 4d03 | 0000 e900 | 0000 0066 | 9048 b800 | d66f 7e5d 
  0x0000025d737cd8c4: ;   {virtual_call}
  0x0000025d737cd8c4: 0200 00e8 

  0x0000025d737cd8c8: ; ImmutableOopMap {[144]=Oop [152]=Oop [160]=Oop [168]=Oop }
                      ;*invokeinterface getByteBuffer {reexecute=0 rethrow=0 return_oop=0}
                      ; - jdk.internal.loader.Resource::getByteBuffer@16 (line 135)
                      ; - jdk.internal.loader.BuiltinClassLoader::defineClass@45 (line 767)
  0x0000025d737cd8c8: 1418 caff 

  0x0000025d737cd8cc: ;   {post_call_nop}
  0x0000025d737cd8cc: 0f1f 8400 | 4404 0007 | e90a 0000 

  0x0000025d737cd8d8: ;   {oop(nullptr)}
  0x0000025d737cd8d8: 0048 b800 | 0000 0000 | 0000 0048 | 85c0 0f84 | f300 0000 | 4889 8424 | b800 0000 | 488b 9424 
  0x0000025d737cd8f8: 9800 0000 | 9048 b828 | d66f 7e5d 

  0x0000025d737cd904: ;   {virtual_call}
  0x0000025d737cd904: 0200 00e8 

  0x0000025d737cd908: ; ImmutableOopMap {[144]=Oop [160]=Oop [168]=Oop [184]=Oop }
                      ;*invokevirtual getCodeSigners {reexecute=0 rethrow=0 return_oop=0}
                      ; - jdk.internal.loader.BuiltinClassLoader::defineClass@56 (line 769)
  0x0000025d737cd908: d417 caff 

  0x0000025d737cd90c: ;   {post_call_nop}
  0x0000025d737cd90c: 0f1f 8400 | 8404 0008 

  0x0000025d737cd914: ;   {metadata('java/security/CodeSource')}
  0x0000025d737cd914: 4c8b c848 | bae0 ce00 | 1d00 0000 | 0049 8b87 | c801 0000 | 488d 7828 | 493b bfd8 | 0100 000f 
  0x0000025d737cd934: 87d3 0200 | 0049 89bf | c801 0000 | 48c7 0001 | 0000 0048 | 8bca 8948 | 0848 33c9 | 8948 0c48 
  0x0000025d737cd954: 33c9 4889 | 4810 4889 | 4818 4889 | 4820 4c8b | 8424 a800 | 0000 488b | d048 8984 | 24c0 0000 
  0x0000025d737cd974: ;   {optimized virtual_call}
  0x0000025d737cd974: 0066 90e8 

  0x0000025d737cd978: ; ImmutableOopMap {[144]=Oop [160]=Oop [184]=Oop [192]=Oop }
                      ;*invokespecial <init> {reexecute=0 rethrow=0 return_oop=0}
                      ; - jdk.internal.loader.BuiltinClassLoader::defineClass@68 (line 770)
  0x0000025d737cd978: 6414 caff 

  0x0000025d737cd97c: ;   {post_call_nop}
  0x0000025d737cd97c: 0f1f 8400 | f404 0009 | 4c8b 8424 | c000 0000 | 488b 9424 | a000 0000 

  0x0000025d737cd994: ;   {optimized virtual_call}
  0x0000025d737cd994: 6666 90e8 

  0x0000025d737cd998: ; ImmutableOopMap {[144]=Oop [160]=Oop [184]=Oop }
                      ;*invokevirtual getProtectionDomain {reexecute=0 rethrow=0 return_oop=0}
                      ; - java.security.SecureClassLoader::defineClass@5 (line 176)
                      ; - jdk.internal.loader.BuiltinClassLoader::defineClass@79 (line 771)
  0x0000025d737cd998: 4414 caff 

  0x0000025d737cd99c: ;   {post_call_nop}
  0x0000025d737cd99c: 0f1f 8400 | 1405 000a | 4c8b 8424 | 9000 0000 | 4c8b 8c24 | b800 0000 | 488b f848 | 8b94 24a0 
  0x0000025d737cd9bc: ;   {optimized virtual_call}
  0x0000025d737cd9bc: 0000 00e8 

  0x0000025d737cd9c0: ; ImmutableOopMap {}
                      ;*invokevirtual defineClass {reexecute=0 rethrow=0 return_oop=0}
                      ; - java.security.SecureClassLoader::defineClass@8 (line 176)
                      ; - jdk.internal.loader.BuiltinClassLoader::defineClass@79 (line 771)
  0x0000025d737cd9c0: 1c14 caff 

  0x0000025d737cd9c4: ;   {post_call_nop}
  0x0000025d737cd9c4: 0f1f 8400 | 3c05 000b | 4881 c400 | 0100 005d 

  0x0000025d737cd9d4: ;   {poll_return}
  0x0000025d737cd9d4: 493b 6728 | 0f87 3b02 | 0000 c34c | 8b8c 2498 | 0000 0049 | 8bd1 6666 | 9048 b850 | d66f 7e5d 
  0x0000025d737cd9f4: ;   {virtual_call}
  0x0000025d737cd9f4: 0200 00e8 

  0x0000025d737cd9f8: ; ImmutableOopMap {[144]=Oop [152]=Oop [160]=Oop [168]=Oop }
                      ;*invokevirtual getBytes {reexecute=0 rethrow=0 return_oop=0}
                      ; - jdk.internal.loader.BuiltinClassLoader::defineClass@84 (line 773)
  0x0000025d737cd9f8: 966f 0000 

  0x0000025d737cd9fc: ;   {post_call_nop}
  0x0000025d737cd9fc: 0f1f 8400 | 7405 000c | 4889 8424 | c800 0000 | 488b 9424 | 9800 0000 | 9048 b878 | d66f 7e5d 
  0x0000025d737cda1c: ;   {virtual_call}
  0x0000025d737cda1c: 0200 00e8 

  0x0000025d737cda20: ; ImmutableOopMap {[144]=Oop [160]=Oop [168]=Oop [200]=Oop }
                      ;*invokevirtual getCodeSigners {reexecute=0 rethrow=0 return_oop=0}
                      ; - jdk.internal.loader.BuiltinClassLoader::defineClass@90 (line 774)
  0x0000025d737cda20: 6e69 0000 

  0x0000025d737cda24: ;   {post_call_nop}
  0x0000025d737cda24: 0f1f 8400 | 9c05 000d 

  0x0000025d737cda2c: ;   {metadata('java/security/CodeSource')}
  0x0000025d737cda2c: 4c8b c848 | bae0 ce00 | 1d00 0000 | 0049 8b87 | c801 0000 | 488d 7828 | 493b bfd8 | 0100 000f 
  0x0000025d737cda4c: 87de 0100 | 0049 89bf | c801 0000 | 48c7 0001 | 0000 0048 | 8bca 8948 | 0848 33c9 | 8948 0c48 
  0x0000025d737cda6c: 33c9 4889 | 4810 4889 | 4818 4889 | 4820 4c8b | 8424 a800 | 0000 488b | d048 8984 | 24d0 0000 
  0x0000025d737cda8c: ;   {optimized virtual_call}
  0x0000025d737cda8c: 0066 90e8 

  0x0000025d737cda90: ; ImmutableOopMap {[144]=Oop [160]=Oop [200]=Oop [208]=Oop }
                      ;*invokespecial <init> {reexecute=0 rethrow=0 return_oop=0}
                      ; - jdk.internal.loader.BuiltinClassLoader::defineClass@102 (line 775)
  0x0000025d737cda90: 8c20 0000 

  0x0000025d737cda94: ;   {post_call_nop}
  0x0000025d737cda94: 0f1f 8400 | 0c06 000e | 488b 8424 | c800 0000 

  0x0000025d737cdaa4: ; implicit exception: dispatches to 0x0000025d737cdc3c
  0x0000025d737cdaa4: 8b70 0c4c | 8b84 24d0 | 0000 0048 | 8b94 24a0 | 0000 0089 | b424 d800 

  0x0000025d737cdabc: ;   {optimized virtual_call}
  0x0000025d737cdabc: 0000 90e8 

  0x0000025d737cdac0: ; ImmutableOopMap {[144]=Oop [160]=Oop [200]=Oop }
                      ;*invokevirtual getProtectionDomain {reexecute=0 rethrow=0 return_oop=0}
                      ; - java.security.SecureClassLoader::defineClass@9 (line 144)
                      ; - jdk.internal.loader.BuiltinClassLoader::defineClass@117 (line 776)
  0x0000025d737cdac0: 5c19 0000 

  0x0000025d737cdac4: ;   {post_call_nop}
  0x0000025d737cdac4: 0f1f 8400 | 3c06 000f | 4c8b 8424 | 9000 0000 | 4c8b 8c24 | c800 0000 | bf00 0000 | 008b b424 
  0x0000025d737cdae4: d800 0000 | 488b c848 | 8b94 24a0 | 0000 000f 

  0x0000025d737cdaf4: ;   {optimized virtual_call}
  0x0000025d737cdaf4: 1f40 00e8 

  0x0000025d737cdaf8: ; ImmutableOopMap {}
                      ;*invokevirtual defineClass {reexecute=0 rethrow=0 return_oop=0}
                      ; - java.security.SecureClassLoader::defineClass@12 (line 144)
                      ; - jdk.internal.loader.BuiltinClassLoader::defineClass@117 (line 776)
  0x0000025d737cdaf8: a427 0000 

  0x0000025d737cdafc: ;   {post_call_nop}
  0x0000025d737cdafc: 0f1f 8400 | 7406 0010 | 4881 c400 | 0100 005d 

  0x0000025d737cdb0c: ;   {poll_return}
  0x0000025d737cdb0c: 493b 6728 | 0f87 2b01 | 0000 c349 | 8b87 8805 | 0000 4d33 | d24d 8997 | 8805 0000 | 4d33 d24d 
  0x0000025d737cdb2c: 8997 9005 | 0000 488b | f048 8d84 | 24e0 0000 | 0048 8b58 | 0841 8bbf | d806 0000 | 493b 5c3f 
  0x0000025d737cdb4c: f80f 8504 | 0100 0041 | 83af d806 | 0000 0849 | 3b5c 3ff0 | 0f84 2a00 | 0000 488b | 03a8 020f 
  0x0000025d737cdb6c: 8512 0000 | 0048 8bf8 | 4883 cf01 | f048 0fb1 | 3b0f 840d | 0000 0041 | 8387 d806 | 0000 08e9 
  0x0000025d737cdb8c: c700 0000 | 488b c6e9 | f200 0000 

  0x0000025d737cdb98: ;   {runtime_call C1 Runtime throw_null_pointer_exception_blob}
  0x0000025d737cdb98: e8c3 b3d4 

  0x0000025d737cdb9c: ; ImmutableOopMap {rax=Oop r8=Oop [144]=Oop [152]=Oop [160]=Oop [168]=Oop }
                      ;*invokevirtual lastIndexOf {reexecute=0 rethrow=0 return_oop=0}
                      ; - jdk.internal.loader.BuiltinClassLoader::defineClass@8 (line 759)
                      ;   {runtime_call C1 Runtime throw_null_pointer_exception_blob}
  0x0000025d737cdb9c: ffe8 beb3 

  0x0000025d737cdba0: ; ImmutableOopMap {rax=Oop r8=Oop rsi=Oop [144]=Oop [152]=Oop [160]=Oop [168]=Oop }
                      ;*arraylength {reexecute=0 rethrow=0 return_oop=0}
                      ; - java.lang.String::length@4 (line 1583)
                      ; - java.lang.String::lastIndexOf@3 (line 2600)
                      ; - jdk.internal.loader.BuiltinClassLoader::defineClass@8 (line 759)
  0x0000025d737cdba0: d4ff 4c89 | 4c24 0848 

  0x0000025d737cdba8: ;   {runtime_call C1 Runtime monitorenter_nofpu_blob}
  0x0000025d737cdba8: 8914 24e8 

  0x0000025d737cdbac: ; ImmutableOopMap {r9=Oop [144]=Oop [152]=Oop [160]=Oop [168]=Oop [232]=Oop }
                      ;*synchronization entry
                      ; - jdk.internal.loader.Resource::cachedInputStream@-1 (line 75)
                      ; - jdk.internal.loader.Resource::getByteBuffer@1 (line 133)
                      ; - jdk.internal.loader.BuiltinClassLoader::defineClass@45 (line 767)
  0x0000025d737cdbac: b0e6 d4ff | e9af fbff | ff41 8b51 | 0c48 c1e2 | 0348 83fa | 000f 84e2 | fbff ff48 

  0x0000025d737cdbc8: ;   {runtime_call g1_pre_barrier_slow}
  0x0000025d737cdbc8: 8914 24e8 | 900d d5ff | e9d4 fbff | ff48 83f8 | 000f 84e9 | fbff ff4c 

  0x0000025d737cdbe0: ;   {runtime_call g1_post_barrier_slow}
  0x0000025d737cdbe0: 890c 24e8 | 7810 d5ff | e9db fbff | ff48 8d84 | 24e0 0000 | 0048 8904 

  0x0000025d737cdbf8: ;   {runtime_call C1 Runtime monitorexit_nofpu_blob}
  0x0000025d737cdbf8: 24e8 62ec | d4ff e928 | fcff ff48 

  0x0000025d737cdc04: ;   {runtime_call C1 Runtime throw_class_cast_exception_blob}
  0x0000025d737cdc04: 8914 24e8 

  0x0000025d737cdc08: ; ImmutableOopMap {[144]=Oop [152]=Oop [160]=Oop [168]=Oop }
                      ;*checkcast {reexecute=0 rethrow=0 return_oop=0}
                      ; - jdk.internal.loader.Resource::getByteBuffer@13 (line 135)
                      ; - jdk.internal.loader.BuiltinClassLoader::defineClass@45 (line 767)
  0x0000025d737cdc08: 54d7 d4ff 

  0x0000025d737cdc0c: ;   {runtime_call C1 Runtime fast_new_instance_blob}
  0x0000025d737cdc0c: 488b d2e8 

  0x0000025d737cdc10: ; ImmutableOopMap {r9=Oop [144]=Oop [160]=Oop [168]=Oop [184]=Oop }
                      ;*new {reexecute=0 rethrow=0 return_oop=0}
                      ; - jdk.internal.loader.BuiltinClassLoader::defineClass@61 (line 770)
  0x0000025d737cdc10: 4cbc d4ff | e949 fdff 

  0x0000025d737cdc18: ;   {internal_word}
  0x0000025d737cdc18: ff49 bad4 | d97c 735d | 0200 004d | 8997 e004 

  0x0000025d737cdc28: ;   {runtime_call SafepointBlob}
  0x0000025d737cdc28: 0000 e931 | 33ca ff48 

  0x0000025d737cdc30: ;   {runtime_call C1 Runtime fast_new_instance_blob}
  0x0000025d737cdc30: 8bd2 e829 

  0x0000025d737cdc34: ; ImmutableOopMap {r9=Oop [144]=Oop [160]=Oop [168]=Oop [200]=Oop }
                      ;*new {reexecute=0 rethrow=0 return_oop=0}
                      ; - jdk.internal.loader.BuiltinClassLoader::defineClass@95 (line 775)
  0x0000025d737cdc34: bcd4 ffe9 | 3efe ffff 

  0x0000025d737cdc3c: ;   {runtime_call C1 Runtime throw_null_pointer_exception_blob}
  0x0000025d737cdc3c: e81f b3d4 

  0x0000025d737cdc40: ; ImmutableOopMap {rax=Oop [144]=Oop [160]=Oop [200]=Oop [208]=Oop }
                      ;*arraylength {reexecute=0 rethrow=0 return_oop=0}
                      ; - jdk.internal.loader.BuiltinClassLoader::defineClass@114 (line 776)
                      ;   {internal_word}
  0x0000025d737cdc40: ff49 ba0c | db7c 735d | 0200 004d | 8997 e004 

  0x0000025d737cdc50: ;   {runtime_call SafepointBlob}
  0x0000025d737cdc50: 0000 e909 | 33ca ff48 | 8d84 24e0 | 0000 0048 

  0x0000025d737cdc60: ;   {runtime_call C1 Runtime monitorexit_nofpu_blob}
  0x0000025d737cdc60: 8904 24e8 | f8eb d4ff | e923 ffff | ff49 8b87 | 8805 0000 | 49c7 8788 | 0500 0000 | 0000 0049 
  0x0000025d737cdc80: c787 9005 | 0000 0000 | 0000 4881 | c400 0100 

  0x0000025d737cdc90: ;   {runtime_call C1 Runtime unwind_exception_blob}
  0x0000025d737cdc90: 005d e9c9 | a3d4 fff4 
[Stub Code]
  0x0000025d737cdc98: ;   {other}
  0x0000025d737cdc98: 0f1f 4400 

  0x0000025d737cdc9c: ;   {static_stub}
  0x0000025d737cdc9c: 0048 bb00 | 0000 0000 

  0x0000025d737cdca4: ;   {runtime_call nmethod}
  0x0000025d737cdca4: 0000 00e9 | fbff ffff 

  0x0000025d737cdcac: ;   {static_stub}
  0x0000025d737cdcac: 9048 bb00 | 0000 0000 

  0x0000025d737cdcb4: ;   {runtime_call nmethod}
  0x0000025d737cdcb4: 0000 00e9 | fbff ffff 

  0x0000025d737cdcbc: ;   {static_stub}
  0x0000025d737cdcbc: 9048 bb00 | 0000 0000 

  0x0000025d737cdcc4: ;   {runtime_call nmethod}
  0x0000025d737cdcc4: 0000 00e9 | fbff ffff 

  0x0000025d737cdccc: ;   {static_stub}
  0x0000025d737cdccc: 9048 bb00 | 0000 0000 

  0x0000025d737cdcd4: ;   {runtime_call nmethod}
  0x0000025d737cdcd4: 0000 00e9 | fbff ffff 

  0x0000025d737cdcdc: ;   {static_stub}
  0x0000025d737cdcdc: 9048 bb00 | 0000 0000 

  0x0000025d737cdce4: ;   {runtime_call nmethod}
  0x0000025d737cdce4: 0000 00e9 | fbff ffff 

  0x0000025d737cdcec: ;   {static_stub}
  0x0000025d737cdcec: 9048 bb00 | 0000 0000 

  0x0000025d737cdcf4: ;   {runtime_call nmethod}
  0x0000025d737cdcf4: 0000 00e9 | fbff ffff 

  0x0000025d737cdcfc: ;   {static_stub}
  0x0000025d737cdcfc: 9048 bb00 | 0000 0000 

  0x0000025d737cdd04: ;   {runtime_call nmethod}
  0x0000025d737cdd04: 0000 00e9 | fbff ffff 

  0x0000025d737cdd0c: ;   {static_stub}
  0x0000025d737cdd0c: 9048 bb00 | 0000 0000 

  0x0000025d737cdd14: ;   {runtime_call nmethod}
  0x0000025d737cdd14: 0000 00e9 | fbff ffff 

  0x0000025d737cdd1c: ;   {static_stub}
  0x0000025d737cdd1c: 48bb 0000 | 0000 0000 

  0x0000025d737cdd24: ;   {runtime_call nmethod}
  0x0000025d737cdd24: 0000 e9fb 

  0x0000025d737cdd28: ;   {static_stub}
  0x0000025d737cdd28: ffff ff48 | bb00 0000 | 0000 0000 

  0x0000025d737cdd34: ;   {runtime_call nmethod}
  0x0000025d737cdd34: 00e9 fbff 

  0x0000025d737cdd38: ;   {static_stub}
  0x0000025d737cdd38: ffff 48bb | 0000 0000 | 0000 0000 

  0x0000025d737cdd44: ;   {runtime_call nmethod}
  0x0000025d737cdd44: e9fb ffff 

  0x0000025d737cdd48: ;   {static_stub}
  0x0000025d737cdd48: ff48 bb00 | 0000 0000 

  0x0000025d737cdd50: ;   {runtime_call nmethod}
  0x0000025d737cdd50: 0000 00e9 | fbff ffff 

  0x0000025d737cdd58: ;   {static_stub}
  0x0000025d737cdd58: 48bb 0000 | 0000 0000 

  0x0000025d737cdd60: ;   {runtime_call nmethod}
  0x0000025d737cdd60: 0000 e9fb 

  0x0000025d737cdd64: ;   {static_stub}
  0x0000025d737cdd64: ffff ff48 | bb08 7f02 | 005d 0200 

  0x0000025d737cdd70: ;   {runtime_call I2C/C2I adapters}
  0x0000025d737cdd70: 00e9 ce7b 

  0x0000025d737cdd74: ;   {static_stub}
  0x0000025d737cdd74: c9ff 48bb | 0000 0000 | 0000 0000 

  0x0000025d737cdd80: ;   {runtime_call nmethod}
  0x0000025d737cdd80: e9fb ffff 

  0x0000025d737cdd84: ;   {runtime_call C1 Runtime handle_exception_from_callee_blob}
  0x0000025d737cdd84: ffe8 d6cf 

  0x0000025d737cdd88: ;   {external_word}
  0x0000025d737cdd88: d4ff 48b9 | 4808 41fc | f97f 0000 | 4883 e4f0 

  0x0000025d737cdd98: ;   {runtime_call}
  0x0000025d737cdd98: 48b8 008d | 04fc f97f | 0000 ffd0 

  0x0000025d737cdda4: ;   {section_word}
  0x0000025d737cdda4: f449 baa5 | dd7c 735d | 0200 0041 

  0x0000025d737cddb0: ;   {runtime_call DeoptimizationBlob}
  0x0000025d737cddb0: 52e9 aa34 | caff f4f4 
[/MachCode]


---------------  P R O C E S S  ---------------

Threads class SMR info:
_java_thread_list=0x0000025d7f02c620, length=16, elements={
0x0000025d68874f50, 0x0000025d7d899380, 0x0000025d7d89a7f0, 0x0000025d7d8a6b10,
0x0000025d7d8a76d0, 0x0000025d7d8a86a0, 0x0000025d7d89d850, 0x0000025d6abd8990,
0x0000025d6abd91a0, 0x0000025d6abd99b0, 0x0000025d7e0854c0, 0x0000025d7e08ebd0,
0x0000025d6abd4100, 0x0000025d7eeb1710, 0x0000025d7eeb3cb0, 0x0000025d7f048800
}

Java Threads: ( => current thread )
  0x0000025d68874f50 JavaThread "main"                              [_thread_blocked, id=25172, stack(0x00000064d3400000,0x00000064d3500000) (1024K)]
  0x0000025d7d899380 JavaThread "Reference Handler"          daemon [_thread_blocked, id=6348, stack(0x00000064d3c00000,0x00000064d3d00000) (1024K)]
  0x0000025d7d89a7f0 JavaThread "Finalizer"                  daemon [_thread_blocked, id=24348, stack(0x00000064d3d00000,0x00000064d3e00000) (1024K)]
  0x0000025d7d8a6b10 JavaThread "Signal Dispatcher"          daemon [_thread_blocked, id=19392, stack(0x00000064d3e00000,0x00000064d3f00000) (1024K)]
  0x0000025d7d8a76d0 JavaThread "Attach Listener"            daemon [_thread_blocked, id=16268, stack(0x00000064d3f00000,0x00000064d4000000) (1024K)]
  0x0000025d7d8a86a0 JavaThread "Service Thread"             daemon [_thread_blocked, id=10700, stack(0x00000064d4000000,0x00000064d4100000) (1024K)]
  0x0000025d7d89d850 JavaThread "Monitor Deflation Thread"   daemon [_thread_blocked, id=9000, stack(0x00000064d4100000,0x00000064d4200000) (1024K)]
  0x0000025d6abd8990 JavaThread "C1 CompilerThread0"         daemon [_thread_blocked, id=272, stack(0x00000064d4200000,0x00000064d4300000) (1024K)]
  0x0000025d6abd91a0 JavaThread "C1 CompilerThread1"         daemon [_thread_blocked, id=21800, stack(0x00000064d4300000,0x00000064d4400000) (1024K)]
  0x0000025d6abd99b0 JavaThread "C1 CompilerThread2"         daemon [_thread_blocked, id=19188, stack(0x00000064d4400000,0x00000064d4500000) (1024K)]
  0x0000025d7e0854c0 JavaThread "Notification Thread"        daemon [_thread_blocked, id=22352, stack(0x00000064d4500000,0x00000064d4600000) (1024K)]
  0x0000025d7e08ebd0 JavaThread "Common-Cleaner"             daemon [_thread_blocked, id=14660, stack(0x00000064d4600000,0x00000064d4700000) (1024K)]
  0x0000025d6abd4100 JavaThread "C1 CompilerThread3"         daemon [_thread_blocked, id=11548, stack(0x00000064d4700000,0x00000064d4800000) (1024K)]
  0x0000025d7eeb1710 JavaThread "Thread-0"                          [_thread_blocked, id=18364, stack(0x00000064d4800000,0x00000064d4900000) (1024K)]
=>0x0000025d7eeb3cb0 JavaThread "restartedMain"                     [_thread_in_vm, id=24088, stack(0x00000064d4900000,0x00000064d4a00000) (1024K)]
  0x0000025d7f048800 JavaThread "background-preinit"                [_thread_in_vm, id=26604, stack(0x00000064d4a00000,0x00000064d4b00000) (1024K)]
Total: 16

Other Threads:
  0x0000025d7d83dfc0 VMThread "VM Thread"                           [id=21988, stack(0x00000064d3b00000,0x00000064d3c00000) (1024K)]
  0x0000025d7d6f2b50 WatcherThread "VM Periodic Task Thread"        [id=26284, stack(0x00000064d3a00000,0x00000064d3b00000) (1024K)]
  0x0000025d6ac33990 WorkerThread "GC Thread#0"                     [id=24668, stack(0x00000064d3500000,0x00000064d3600000) (1024K)]
  0x0000025d7f0497d0 WorkerThread "GC Thread#1"                     [id=3220, stack(0x00000064d4b00000,0x00000064d4c00000) (1024K)]
  0x0000025d7f055cf0 WorkerThread "GC Thread#2"                     [id=14428, stack(0x00000064d4c00000,0x00000064d4d00000) (1024K)]
  0x0000025d7f056930 WorkerThread "GC Thread#3"                     [id=3752, stack(0x00000064d4d00000,0x00000064d4e00000) (1024K)]
  0x0000025d7f056d60 WorkerThread "GC Thread#4"                     [id=10224, stack(0x00000064d4e00000,0x00000064d4f00000) (1024K)]
  0x0000025d7f05fdc0 WorkerThread "GC Thread#5"                     [id=26128, stack(0x00000064d4f00000,0x00000064d5000000) (1024K)]
  0x0000025d7f062200 WorkerThread "GC Thread#6"                     [id=21164, stack(0x00000064d5000000,0x00000064d5100000) (1024K)]
  0x0000025d7f06a640 WorkerThread "GC Thread#7"                     [id=13948, stack(0x00000064d5100000,0x00000064d5200000) (1024K)]
  0x0000025d6ac4c6c0 ConcurrentGCThread "G1 Main Marker"            [id=24012, stack(0x00000064d3600000,0x00000064d3700000) (1024K)]
  0x0000025d6ac4d3e0 WorkerThread "G1 Conc#0"                       [id=18572, stack(0x00000064d3700000,0x00000064d3800000) (1024K)]
  0x0000025d6ac5e810 ConcurrentGCThread "G1 Refine#0"               [id=25564, stack(0x00000064d3800000,0x00000064d3900000) (1024K)]
  0x0000025d7d6e8590 ConcurrentGCThread "G1 Service"                [id=6080, stack(0x00000064d3900000,0x00000064d3a00000) (1024K)]
Total: 14

Threads with active compile tasks:
Total: 0

VM state: not at safepoint (normal execution)

VM Mutex/Monitor currently owned by a thread:  ([mutex/lock_event])
[0x00007ff9fc6d72e8] Metaspace_lock - owner thread: 0x0000025d7eeb3cb0

Heap address: 0x0000000702600000, size: 4058 MB, Compressed Oops mode: Zero based, Oop shift amount: 3

CDS archive(s) not mapped
Compressed class space mapped at: 0x000000001d000000-0x000000005d000000, reserved size: 1073741824
UseCompressedClassPointers 1, UseCompactObjectHeaders 0
Narrow klass pointer bits 32, Max shift 3
Narrow klass base: 0x0000000000000000, Narrow klass shift: 0
Encoding Range: [0x0000000000000000 - 0x0000000100000000), (4294967296 bytes)
Klass Range:    [0x000000001d000000 - 0x000000005d000000), (1073741824 bytes)
Klass ID Range:  [486539264 - 1560281081) (1073741817)
No protection zone.

GC Precious Log:
 CardTable entry size: 512
 Card Set container configuration: InlinePtr #cards 4 size 8 Array Of Cards #cards 16 size 48 Howl #buckets 8 coarsen threshold 3686 Howl Bitmap #cards 512 size 80 coarsen threshold 460 Card regions per heap region 1 cards per card region 4096
 CPUs: 8 total, 8 available
 Memory: 16225M
 Large Page Support: Disabled
 NUMA Support: Disabled
 Compressed Oops: Enabled (Zero based)
 Heap Region Size: 2M
 Heap Min Capacity: 8M
 Heap Initial Capacity: 254M
 Heap Max Capacity: 4058M
 Pre-touch: Disabled
 Parallel Workers: 8
 Concurrent Workers: 2
 Concurrent Refinement Workers: 8
 Periodic GC: Disabled

Heap:
 garbage-first heap   total reserved 4155392K, committed 260096K, used 18338K [0x0000000702600000, 0x0000000800000000)
  region size 2048K, 8 young (16384K), 3 survivors (6144K)

Heap Regions: E=young(eden), S=young(survivor), O=old, HS=humongous(starts), HC=humongous(continues), CS=collection set, F=free, TAMS=top-at-mark-start, PB=parsable bottom
|   0|0x0000000702600000, 0x0000000702800000, 0x0000000702800000|100%| O|  |TAMS 0x0000000702600000| PB 0x0000000702600000| Untracked |  0
|   1|0x0000000702800000, 0x00000007029e89d8, 0x0000000702a00000| 95%| O|  |TAMS 0x0000000702800000| PB 0x0000000702800000| Untracked |  0
|   2|0x0000000702a00000, 0x0000000702a00000, 0x0000000702c00000|  0%| F|  |TAMS 0x0000000702a00000| PB 0x0000000702a00000| Untracked |  0
|   3|0x0000000702c00000, 0x0000000702c00000, 0x0000000702e00000|  0%| F|  |TAMS 0x0000000702c00000| PB 0x0000000702c00000| Untracked |  0
|   4|0x0000000702e00000, 0x0000000702e00000, 0x0000000703000000|  0%| F|  |TAMS 0x0000000702e00000| PB 0x0000000702e00000| Untracked |  0
|   5|0x0000000703000000, 0x0000000703000000, 0x0000000703200000|  0%| F|  |TAMS 0x0000000703000000| PB 0x0000000703000000| Untracked |  0
|   6|0x0000000703200000, 0x0000000703200000, 0x0000000703400000|  0%| F|  |TAMS 0x0000000703200000| PB 0x0000000703200000| Untracked |  0
|   7|0x0000000703400000, 0x0000000703400000, 0x0000000703600000|  0%| F|  |TAMS 0x0000000703400000| PB 0x0000000703400000| Untracked |  0
|   8|0x0000000703600000, 0x0000000703600000, 0x0000000703800000|  0%| F|  |TAMS 0x0000000703600000| PB 0x0000000703600000| Untracked |  0
|   9|0x0000000703800000, 0x0000000703800000, 0x0000000703a00000|  0%| F|  |TAMS 0x0000000703800000| PB 0x0000000703800000| Untracked |  0
|  10|0x0000000703a00000, 0x0000000703a00000, 0x0000000703c00000|  0%| F|  |TAMS 0x0000000703a00000| PB 0x0000000703a00000| Untracked |  0
|  11|0x0000000703c00000, 0x0000000703c00000, 0x0000000703e00000|  0%| F|  |TAMS 0x0000000703c00000| PB 0x0000000703c00000| Untracked |  0
|  12|0x0000000703e00000, 0x0000000703e00000, 0x0000000704000000|  0%| F|  |TAMS 0x0000000703e00000| PB 0x0000000703e00000| Untracked |  0
|  13|0x0000000704000000, 0x0000000704000000, 0x0000000704200000|  0%| F|  |TAMS 0x0000000704000000| PB 0x0000000704000000| Untracked |  0
|  14|0x0000000704200000, 0x0000000704200000, 0x0000000704400000|  0%| F|  |TAMS 0x0000000704200000| PB 0x0000000704200000| Untracked |  0
|  15|0x0000000704400000, 0x0000000704400000, 0x0000000704600000|  0%| F|  |TAMS 0x0000000704400000| PB 0x0000000704400000| Untracked |  0
|  16|0x0000000704600000, 0x0000000704600000, 0x0000000704800000|  0%| F|  |TAMS 0x0000000704600000| PB 0x0000000704600000| Untracked |  0
|  17|0x0000000704800000, 0x0000000704800000, 0x0000000704a00000|  0%| F|  |TAMS 0x0000000704800000| PB 0x0000000704800000| Untracked |  0
|  18|0x0000000704a00000, 0x0000000704a00000, 0x0000000704c00000|  0%| F|  |TAMS 0x0000000704a00000| PB 0x0000000704a00000| Untracked |  0
|  19|0x0000000704c00000, 0x0000000704c00000, 0x0000000704e00000|  0%| F|  |TAMS 0x0000000704c00000| PB 0x0000000704c00000| Untracked |  0
|  20|0x0000000704e00000, 0x0000000704e00000, 0x0000000705000000|  0%| F|  |TAMS 0x0000000704e00000| PB 0x0000000704e00000| Untracked |  0
|  21|0x0000000705000000, 0x0000000705000000, 0x0000000705200000|  0%| F|  |TAMS 0x0000000705000000| PB 0x0000000705000000| Untracked |  0
|  22|0x0000000705200000, 0x0000000705200000, 0x0000000705400000|  0%| F|  |TAMS 0x0000000705200000| PB 0x0000000705200000| Untracked |  0
|  23|0x0000000705400000, 0x0000000705400000, 0x0000000705600000|  0%| F|  |TAMS 0x0000000705400000| PB 0x0000000705400000| Untracked |  0
|  24|0x0000000705600000, 0x0000000705600000, 0x0000000705800000|  0%| F|  |TAMS 0x0000000705600000| PB 0x0000000705600000| Untracked |  0
|  25|0x0000000705800000, 0x0000000705800000, 0x0000000705a00000|  0%| F|  |TAMS 0x0000000705800000| PB 0x0000000705800000| Untracked |  0
|  26|0x0000000705a00000, 0x0000000705a00000, 0x0000000705c00000|  0%| F|  |TAMS 0x0000000705a00000| PB 0x0000000705a00000| Untracked |  0
|  27|0x0000000705c00000, 0x0000000705c00000, 0x0000000705e00000|  0%| F|  |TAMS 0x0000000705c00000| PB 0x0000000705c00000| Untracked |  0
|  28|0x0000000705e00000, 0x0000000705e00000, 0x0000000706000000|  0%| F|  |TAMS 0x0000000705e00000| PB 0x0000000705e00000| Untracked |  0
|  29|0x0000000706000000, 0x0000000706000000, 0x0000000706200000|  0%| F|  |TAMS 0x0000000706000000| PB 0x0000000706000000| Untracked |  0
|  30|0x0000000706200000, 0x0000000706200000, 0x0000000706400000|  0%| F|  |TAMS 0x0000000706200000| PB 0x0000000706200000| Untracked |  0
|  31|0x0000000706400000, 0x0000000706400000, 0x0000000706600000|  0%| F|  |TAMS 0x0000000706400000| PB 0x0000000706400000| Untracked |  0
|  32|0x0000000706600000, 0x0000000706600000, 0x0000000706800000|  0%| F|  |TAMS 0x0000000706600000| PB 0x0000000706600000| Untracked |  0
|  33|0x0000000706800000, 0x0000000706800000, 0x0000000706a00000|  0%| F|  |TAMS 0x0000000706800000| PB 0x0000000706800000| Untracked |  0
|  34|0x0000000706a00000, 0x0000000706a00000, 0x0000000706c00000|  0%| F|  |TAMS 0x0000000706a00000| PB 0x0000000706a00000| Untracked |  0
|  35|0x0000000706c00000, 0x0000000706c00000, 0x0000000706e00000|  0%| F|  |TAMS 0x0000000706c00000| PB 0x0000000706c00000| Untracked |  0
|  36|0x0000000706e00000, 0x0000000706e00000, 0x0000000707000000|  0%| F|  |TAMS 0x0000000706e00000| PB 0x0000000706e00000| Untracked |  0
|  37|0x0000000707000000, 0x0000000707000000, 0x0000000707200000|  0%| F|  |TAMS 0x0000000707000000| PB 0x0000000707000000| Untracked |  0
|  38|0x0000000707200000, 0x0000000707200000, 0x0000000707400000|  0%| F|  |TAMS 0x0000000707200000| PB 0x0000000707200000| Untracked |  0
|  39|0x0000000707400000, 0x0000000707400000, 0x0000000707600000|  0%| F|  |TAMS 0x0000000707400000| PB 0x0000000707400000| Untracked |  0
|  40|0x0000000707600000, 0x0000000707600000, 0x0000000707800000|  0%| F|  |TAMS 0x0000000707600000| PB 0x0000000707600000| Untracked |  0
|  41|0x0000000707800000, 0x0000000707800000, 0x0000000707a00000|  0%| F|  |TAMS 0x0000000707800000| PB 0x0000000707800000| Untracked |  0
|  42|0x0000000707a00000, 0x0000000707a00000, 0x0000000707c00000|  0%| F|  |TAMS 0x0000000707a00000| PB 0x0000000707a00000| Untracked |  0
|  43|0x0000000707c00000, 0x0000000707c00000, 0x0000000707e00000|  0%| F|  |TAMS 0x0000000707c00000| PB 0x0000000707c00000| Untracked |  0
|  44|0x0000000707e00000, 0x0000000707e00000, 0x0000000708000000|  0%| F|  |TAMS 0x0000000707e00000| PB 0x0000000707e00000| Untracked |  0
|  45|0x0000000708000000, 0x0000000708000000, 0x0000000708200000|  0%| F|  |TAMS 0x0000000708000000| PB 0x0000000708000000| Untracked |  0
|  46|0x0000000708200000, 0x0000000708200000, 0x0000000708400000|  0%| F|  |TAMS 0x0000000708200000| PB 0x0000000708200000| Untracked |  0
|  47|0x0000000708400000, 0x0000000708400000, 0x0000000708600000|  0%| F|  |TAMS 0x0000000708400000| PB 0x0000000708400000| Untracked |  0
|  48|0x0000000708600000, 0x0000000708600000, 0x0000000708800000|  0%| F|  |TAMS 0x0000000708600000| PB 0x0000000708600000| Untracked |  0
|  49|0x0000000708800000, 0x0000000708800000, 0x0000000708a00000|  0%| F|  |TAMS 0x0000000708800000| PB 0x0000000708800000| Untracked |  0
|  50|0x0000000708a00000, 0x0000000708a00000, 0x0000000708c00000|  0%| F|  |TAMS 0x0000000708a00000| PB 0x0000000708a00000| Untracked |  0
|  51|0x0000000708c00000, 0x0000000708c00000, 0x0000000708e00000|  0%| F|  |TAMS 0x0000000708c00000| PB 0x0000000708c00000| Untracked |  0
|  52|0x0000000708e00000, 0x0000000708e00000, 0x0000000709000000|  0%| F|  |TAMS 0x0000000708e00000| PB 0x0000000708e00000| Untracked |  0
|  53|0x0000000709000000, 0x0000000709000000, 0x0000000709200000|  0%| F|  |TAMS 0x0000000709000000| PB 0x0000000709000000| Untracked |  0
|  54|0x0000000709200000, 0x0000000709200000, 0x0000000709400000|  0%| F|  |TAMS 0x0000000709200000| PB 0x0000000709200000| Untracked |  0
|  55|0x0000000709400000, 0x0000000709400000, 0x0000000709600000|  0%| F|  |TAMS 0x0000000709400000| PB 0x0000000709400000| Untracked |  0
|  56|0x0000000709600000, 0x0000000709600000, 0x0000000709800000|  0%| F|  |TAMS 0x0000000709600000| PB 0x0000000709600000| Untracked |  0
|  57|0x0000000709800000, 0x0000000709800000, 0x0000000709a00000|  0%| F|  |TAMS 0x0000000709800000| PB 0x0000000709800000| Untracked |  0
|  58|0x0000000709a00000, 0x0000000709a00000, 0x0000000709c00000|  0%| F|  |TAMS 0x0000000709a00000| PB 0x0000000709a00000| Untracked |  0
|  59|0x0000000709c00000, 0x0000000709c00000, 0x0000000709e00000|  0%| F|  |TAMS 0x0000000709c00000| PB 0x0000000709c00000| Untracked |  0
|  60|0x0000000709e00000, 0x0000000709e00000, 0x000000070a000000|  0%| F|  |TAMS 0x0000000709e00000| PB 0x0000000709e00000| Untracked |  0
|  61|0x000000070a000000, 0x000000070a000000, 0x000000070a200000|  0%| F|  |TAMS 0x000000070a000000| PB 0x000000070a000000| Untracked |  0
|  62|0x000000070a200000, 0x000000070a200000, 0x000000070a400000|  0%| F|  |TAMS 0x000000070a200000| PB 0x000000070a200000| Untracked |  0
|  63|0x000000070a400000, 0x000000070a400000, 0x000000070a600000|  0%| F|  |TAMS 0x000000070a400000| PB 0x000000070a400000| Untracked |  0
|  64|0x000000070a600000, 0x000000070a600000, 0x000000070a800000|  0%| F|  |TAMS 0x000000070a600000| PB 0x000000070a600000| Untracked |  0
|  65|0x000000070a800000, 0x000000070a800000, 0x000000070aa00000|  0%| F|  |TAMS 0x000000070a800000| PB 0x000000070a800000| Untracked |  0
|  66|0x000000070aa00000, 0x000000070aa00000, 0x000000070ac00000|  0%| F|  |TAMS 0x000000070aa00000| PB 0x000000070aa00000| Untracked |  0
|  67|0x000000070ac00000, 0x000000070ac00000, 0x000000070ae00000|  0%| F|  |TAMS 0x000000070ac00000| PB 0x000000070ac00000| Untracked |  0
|  68|0x000000070ae00000, 0x000000070ae00000, 0x000000070b000000|  0%| F|  |TAMS 0x000000070ae00000| PB 0x000000070ae00000| Untracked |  0
|  69|0x000000070b000000, 0x000000070b000000, 0x000000070b200000|  0%| F|  |TAMS 0x000000070b000000| PB 0x000000070b000000| Untracked |  0
|  70|0x000000070b200000, 0x000000070b200000, 0x000000070b400000|  0%| F|  |TAMS 0x000000070b200000| PB 0x000000070b200000| Untracked |  0
|  71|0x000000070b400000, 0x000000070b400000, 0x000000070b600000|  0%| F|  |TAMS 0x000000070b400000| PB 0x000000070b400000| Untracked |  0
|  72|0x000000070b600000, 0x000000070b600000, 0x000000070b800000|  0%| F|  |TAMS 0x000000070b600000| PB 0x000000070b600000| Untracked |  0
|  73|0x000000070b800000, 0x000000070b800000, 0x000000070ba00000|  0%| F|  |TAMS 0x000000070b800000| PB 0x000000070b800000| Untracked |  0
|  74|0x000000070ba00000, 0x000000070ba00000, 0x000000070bc00000|  0%| F|  |TAMS 0x000000070ba00000| PB 0x000000070ba00000| Untracked |  0
|  75|0x000000070bc00000, 0x000000070bc00000, 0x000000070be00000|  0%| F|  |TAMS 0x000000070bc00000| PB 0x000000070bc00000| Untracked |  0
|  76|0x000000070be00000, 0x000000070be00000, 0x000000070c000000|  0%| F|  |TAMS 0x000000070be00000| PB 0x000000070be00000| Untracked |  0
|  77|0x000000070c000000, 0x000000070c000000, 0x000000070c200000|  0%| F|  |TAMS 0x000000070c000000| PB 0x000000070c000000| Untracked |  0
|  78|0x000000070c200000, 0x000000070c200000, 0x000000070c400000|  0%| F|  |TAMS 0x000000070c200000| PB 0x000000070c200000| Untracked |  0
|  79|0x000000070c400000, 0x000000070c400000, 0x000000070c600000|  0%| F|  |TAMS 0x000000070c400000| PB 0x000000070c400000| Untracked |  0
|  80|0x000000070c600000, 0x000000070c600000, 0x000000070c800000|  0%| F|  |TAMS 0x000000070c600000| PB 0x000000070c600000| Untracked |  0
|  81|0x000000070c800000, 0x000000070c800000, 0x000000070ca00000|  0%| F|  |TAMS 0x000000070c800000| PB 0x000000070c800000| Untracked |  0
|  82|0x000000070ca00000, 0x000000070ca00000, 0x000000070cc00000|  0%| F|  |TAMS 0x000000070ca00000| PB 0x000000070ca00000| Untracked |  0
|  83|0x000000070cc00000, 0x000000070cc00000, 0x000000070ce00000|  0%| F|  |TAMS 0x000000070cc00000| PB 0x000000070cc00000| Untracked |  0
|  84|0x000000070ce00000, 0x000000070ce00000, 0x000000070d000000|  0%| F|  |TAMS 0x000000070ce00000| PB 0x000000070ce00000| Untracked |  0
|  85|0x000000070d000000, 0x000000070d000000, 0x000000070d200000|  0%| F|  |TAMS 0x000000070d000000| PB 0x000000070d000000| Untracked |  0
|  86|0x000000070d200000, 0x000000070d200000, 0x000000070d400000|  0%| F|  |TAMS 0x000000070d200000| PB 0x000000070d200000| Untracked |  0
|  87|0x000000070d400000, 0x000000070d400000, 0x000000070d600000|  0%| F|  |TAMS 0x000000070d400000| PB 0x000000070d400000| Untracked |  0
|  88|0x000000070d600000, 0x000000070d600000, 0x000000070d800000|  0%| F|  |TAMS 0x000000070d600000| PB 0x000000070d600000| Untracked |  0
|  89|0x000000070d800000, 0x000000070d800000, 0x000000070da00000|  0%| F|  |TAMS 0x000000070d800000| PB 0x000000070d800000| Untracked |  0
|  90|0x000000070da00000, 0x000000070da00000, 0x000000070dc00000|  0%| F|  |TAMS 0x000000070da00000| PB 0x000000070da00000| Untracked |  0
|  91|0x000000070dc00000, 0x000000070dc00000, 0x000000070de00000|  0%| F|  |TAMS 0x000000070dc00000| PB 0x000000070dc00000| Untracked |  0
|  92|0x000000070de00000, 0x000000070de00000, 0x000000070e000000|  0%| F|  |TAMS 0x000000070de00000| PB 0x000000070de00000| Untracked |  0
|  93|0x000000070e000000, 0x000000070e000000, 0x000000070e200000|  0%| F|  |TAMS 0x000000070e000000| PB 0x000000070e000000| Untracked |  0
|  94|0x000000070e200000, 0x000000070e200000, 0x000000070e400000|  0%| F|  |TAMS 0x000000070e200000| PB 0x000000070e200000| Untracked |  0
|  95|0x000000070e400000, 0x000000070e400000, 0x000000070e600000|  0%| F|  |TAMS 0x000000070e400000| PB 0x000000070e400000| Untracked |  0
|  96|0x000000070e600000, 0x000000070e600000, 0x000000070e800000|  0%| F|  |TAMS 0x000000070e600000| PB 0x000000070e600000| Untracked |  0
|  97|0x000000070e800000, 0x000000070e800000, 0x000000070ea00000|  0%| F|  |TAMS 0x000000070e800000| PB 0x000000070e800000| Untracked |  0
|  98|0x000000070ea00000, 0x000000070ea00000, 0x000000070ec00000|  0%| F|  |TAMS 0x000000070ea00000| PB 0x000000070ea00000| Untracked |  0
|  99|0x000000070ec00000, 0x000000070ec00000, 0x000000070ee00000|  0%| F|  |TAMS 0x000000070ec00000| PB 0x000000070ec00000| Untracked |  0
| 100|0x000000070ee00000, 0x000000070f000000, 0x000000070f000000|100%| S|CS|TAMS 0x000000070ee00000| PB 0x000000070ee00000| Complete |  0
| 101|0x000000070f000000, 0x000000070f200000, 0x000000070f200000|100%| S|CS|TAMS 0x000000070f000000| PB 0x000000070f000000| Complete |  0
| 102|0x000000070f200000, 0x000000070f400000, 0x000000070f400000|100%| S|CS|TAMS 0x000000070f200000| PB 0x000000070f200000| Complete |  0
| 103|0x000000070f400000, 0x000000070f400000, 0x000000070f600000|  0%| F|  |TAMS 0x000000070f400000| PB 0x000000070f400000| Untracked |  0
| 104|0x000000070f600000, 0x000000070f600000, 0x000000070f800000|  0%| F|  |TAMS 0x000000070f600000| PB 0x000000070f600000| Untracked |  0
| 105|0x000000070f800000, 0x000000070f800000, 0x000000070fa00000|  0%| F|  |TAMS 0x000000070f800000| PB 0x000000070f800000| Untracked |  0
| 106|0x000000070fa00000, 0x000000070fa00000, 0x000000070fc00000|  0%| F|  |TAMS 0x000000070fa00000| PB 0x000000070fa00000| Untracked |  0
| 107|0x000000070fc00000, 0x000000070fc00000, 0x000000070fe00000|  0%| F|  |TAMS 0x000000070fc00000| PB 0x000000070fc00000| Untracked |  0
| 108|0x000000070fe00000, 0x000000070fe00000, 0x0000000710000000|  0%| F|  |TAMS 0x000000070fe00000| PB 0x000000070fe00000| Untracked |  0
| 109|0x0000000710000000, 0x0000000710000000, 0x0000000710200000|  0%| F|  |TAMS 0x0000000710000000| PB 0x0000000710000000| Untracked |  0
| 110|0x0000000710200000, 0x0000000710200000, 0x0000000710400000|  0%| F|  |TAMS 0x0000000710200000| PB 0x0000000710200000| Untracked |  0
| 111|0x0000000710400000, 0x0000000710400000, 0x0000000710600000|  0%| F|  |TAMS 0x0000000710400000| PB 0x0000000710400000| Untracked |  0
| 112|0x0000000710600000, 0x0000000710600000, 0x0000000710800000|  0%| F|  |TAMS 0x0000000710600000| PB 0x0000000710600000| Untracked |  0
| 113|0x0000000710800000, 0x0000000710800000, 0x0000000710a00000|  0%| F|  |TAMS 0x0000000710800000| PB 0x0000000710800000| Untracked |  0
| 114|0x0000000710a00000, 0x0000000710a00000, 0x0000000710c00000|  0%| F|  |TAMS 0x0000000710a00000| PB 0x0000000710a00000| Untracked |  0
| 115|0x0000000710c00000, 0x0000000710c00000, 0x0000000710e00000|  0%| F|  |TAMS 0x0000000710c00000| PB 0x0000000710c00000| Untracked |  0
| 116|0x0000000710e00000, 0x0000000710e00000, 0x0000000711000000|  0%| F|  |TAMS 0x0000000710e00000| PB 0x0000000710e00000| Untracked |  0
| 117|0x0000000711000000, 0x0000000711000000, 0x0000000711200000|  0%| F|  |TAMS 0x0000000711000000| PB 0x0000000711000000| Untracked |  0
| 118|0x0000000711200000, 0x0000000711200000, 0x0000000711400000|  0%| F|  |TAMS 0x0000000711200000| PB 0x0000000711200000| Untracked |  0
| 119|0x0000000711400000, 0x0000000711400000, 0x0000000711600000|  0%| F|  |TAMS 0x0000000711400000| PB 0x0000000711400000| Untracked |  0
| 120|0x0000000711600000, 0x0000000711600000, 0x0000000711800000|  0%| F|  |TAMS 0x0000000711600000| PB 0x0000000711600000| Untracked |  0
| 121|0x0000000711800000, 0x0000000711800000, 0x0000000711a00000|  0%| F|  |TAMS 0x0000000711800000| PB 0x0000000711800000| Untracked |  0
| 122|0x0000000711a00000, 0x0000000711a70270, 0x0000000711c00000| 21%| E|  |TAMS 0x0000000711a00000| PB 0x0000000711a00000| Complete |  0
| 123|0x0000000711c00000, 0x0000000711e00000, 0x0000000711e00000|100%| E|CS|TAMS 0x0000000711c00000| PB 0x0000000711c00000| Complete |  1
| 124|0x0000000711e00000, 0x0000000712000000, 0x0000000712000000|100%| E|CS|TAMS 0x0000000711e00000| PB 0x0000000711e00000| Complete |  0
| 125|0x0000000712000000, 0x0000000712200000, 0x0000000712200000|100%| E|CS|TAMS 0x0000000712000000| PB 0x0000000712000000| Complete |  0
| 126|0x0000000712200000, 0x0000000712400000, 0x0000000712400000|100%| E|CS|TAMS 0x0000000712200000| PB 0x0000000712200000| Complete |  0

Card table byte_map: [0x0000025d76d20000,0x0000025d77510000] _byte_map_base: 0x0000025d7350d000

Marking Bits: (CMBitMap*) 0x0000025d6ac34120
 Bits: [0x0000025d77510000, 0x0000025d7b478000)

Polling page: 0x0000025d689d0000

Metaspace:
Metaspace        used 20231K, committed 20416K, reserved 1114112K
 class space     used 1853K, committed 1920K, reserved 1048576K

Usage:
  Non-class:     17.95 MB used.
      Class:      1.81 MB used.
       Both:     19.76 MB used.

Virtual space:
  Non-class space:       64.00 MB reserved,      18.06 MB ( 28%) committed,  1 nodes.
      Class space:        1.00 GB reserved,       1.88 MB ( <1%) committed,  1 nodes.
             Both:        1.06 GB reserved,      19.94 MB (  2%) committed. 

Chunk freelists:
   Non-Class:  13.53 MB
       Class:  14.05 MB
        Both:  27.58 MB

MaxMetaspaceSize: unlimited
CompressedClassSpaceSize: 1.00 GB
Initial GC threshold: 21.00 MB
Current GC threshold: 21.00 MB
CDS: off
 - commit_granule_bytes: 65536.
 - commit_granule_words: 8192.
 - virtual_space_node_default_size: 8388608.
 - enlarge_chunks_in_place: 1.
UseCompressedClassPointers 1, UseCompactObjectHeaders 0
Narrow klass pointer bits 32, Max shift 3
Narrow klass base: 0x0000000000000000, Narrow klass shift: 0
Encoding Range: [0x0000000000000000 - 0x0000000100000000), (4294967296 bytes)
Klass Range:    [0x000000001d000000 - 0x000000005d000000), (1073741824 bytes)
Klass ID Range:  [486539264 - 1560281081) (1073741817)
No protection zone.


Internal statistics:

num_allocs_failed_limit: 0.
num_arena_births: 170.
num_arena_deaths: 0.
num_vsnodes_births: 2.
num_vsnodes_deaths: 0.
num_space_committed: 319.
num_space_uncommitted: 0.
num_chunks_returned_to_freelist: 0.
num_chunks_taken_from_freelist: 568.
num_chunk_merges: 0.
num_chunk_splits: 360.
num_chunks_enlarged: 263.
num_inconsistent_stats: 0.

CodeCache: size=49152Kb used=5056Kb max_used=5056Kb free=44095Kb
 bounds [0x0000025d73420000, 0x0000025d73920000, 0x0000025d76420000]
 total_blobs=2526, nmethods=2055, adapters=392, full_count=0
Compilation: enabled, stopped_count=0, restarted_count=0

Compilation events (20 events):
Event: 0.815 Thread 0x0000025d6abd8990 2046       1       jdk.internal.classfile.impl.AbstractPseudoInstruction$ExceptionCatchImpl::tryStart (5 bytes)
Event: 0.815 Thread 0x0000025d6abd4100 2048       1       jdk.internal.classfile.impl.AbstractPseudoInstruction$ExceptionCatchImpl::handler (5 bytes)
Event: 0.815 Thread 0x0000025d6abd91a0 2047       1       jdk.internal.classfile.impl.AbstractPseudoInstruction$ExceptionCatchImpl::tryEnd (5 bytes)
Event: 0.815 Thread 0x0000025d6abd8990 nmethod 2046 0x0000025d7390e488 code [0x0000025d7390e580, 0x0000025d7390e648]
Event: 0.815 Thread 0x0000025d6abd91a0 nmethod 2047 0x0000025d7390e788 code [0x0000025d7390e880, 0x0000025d7390e948]
Event: 0.815 Thread 0x0000025d6abd4100 nmethod 2048 0x0000025d7390ea88 code [0x0000025d7390eb80, 0x0000025d7390ec48]
Event: 0.816 Thread 0x0000025d6abd91a0 2049       1       jdk.internal.reflect.ReflectionFactory::getExecutableSharedParameterTypes (11 bytes)
Event: 0.816 Thread 0x0000025d6abd8990 2050       1       java.lang.reflect.ReflectAccess::getExecutableSharedParameterTypes (5 bytes)
Event: 0.816 Thread 0x0000025d6abd91a0 nmethod 2049 0x0000025d7390ed88 code [0x0000025d7390ee80, 0x0000025d7390efb0]
Event: 0.816 Thread 0x0000025d6abd8990 nmethod 2050 0x0000025d7390f088 code [0x0000025d7390f180, 0x0000025d7390f278]
Event: 0.816 Thread 0x0000025d6abd91a0 2051       1       jdk.internal.classfile.impl.DirectCodeBuilder::startLabel (5 bytes)
Event: 0.816 Thread 0x0000025d6abd91a0 nmethod 2051 0x0000025d7390f388 code [0x0000025d7390f480, 0x0000025d7390f548]
Event: 0.816 Thread 0x0000025d6abd8990 2052       1       java.util.ImmutableCollections$List12::isEmpty (2 bytes)
Event: 0.816 Thread 0x0000025d6abd8990 nmethod 2052 0x0000025d7390f688 code [0x0000025d7390f780, 0x0000025d7390f848]
Event: 0.816 Thread 0x0000025d6abd4100 2053       1       jdk.internal.classfile.impl.Util::slotSize (24 bytes)
Event: 0.816 Thread 0x0000025d6abd4100 nmethod 2053 0x0000025d7390f988 code [0x0000025d7390fa80, 0x0000025d7390fba8]
Event: 0.818 Thread 0x0000025d6abd4100 2054       1       jdk.internal.loader.URLClassPath$1::next (55 bytes)
Event: 0.818 Thread 0x0000025d6abd91a0 2055       1       java.lang.Class::getInterfaces (6 bytes)
Event: 0.818 Thread 0x0000025d6abd91a0 nmethod 2055 0x0000025d7390fc88 code [0x0000025d7390fd80, 0x0000025d7390fe68]
Event: 0.818 Thread 0x0000025d6abd4100 nmethod 2054 0x0000025d7390ff88 code [0x0000025d73910080, 0x0000025d739102b8]

GC Heap Usage History (2 events):
Event: 0.761 {heap Before GC invocations=0 (full 0):
 garbage-first heap   total reserved 4155392K, committed 260096K, used 47104K [0x0000000702600000, 0x0000000800000000)
  region size 2048K, 24 young (49152K), 0 survivors (0K)
}
Event: 0.766 {heap After GC invocations=1 (full 0):
 garbage-first heap   total reserved 4155392K, committed 260096K, used 10146K [0x0000000702600000, 0x0000000800000000)
  region size 2048K, 3 young (6144K), 3 survivors (6144K)
}

Metaspace Usage History (2 events):
Event: 0.761 {metaspace Before GC invocations=0 (full 0):
 Metaspace       used 17989K, committed 18176K, reserved 1114112K
  class space    used 1646K, committed 1728K, reserved 1048576K
}
Event: 0.766 {metaspace After GC invocations=1 (full 0):
 Metaspace       used 17989K, committed 18176K, reserved 1114112K
  class space    used 1646K, committed 1728K, reserved 1048576K
}

Dll operation events (7 events):
Event: 0.009 Loaded shared library D:\Java\jdk-25\bin\java.dll
Event: 0.155 Loaded shared library D:\Java\jdk-25\bin\net.dll
Event: 0.156 Loaded shared library D:\Java\jdk-25\bin\nio.dll
Event: 0.161 Loaded shared library D:\Java\jdk-25\bin\zip.dll
Event: 0.251 Loaded shared library D:\Java\jdk-25\bin\jimage.dll
Event: 0.475 Loaded shared library D:\Java\jdk-25\bin\management.dll
Event: 0.476 Loaded shared library D:\Java\jdk-25\bin\management_ext.dll

Deoptimization events (0 events):
No events

Classes loaded (20 events):
Event: 0.785 Loading class java/util/zip/ZipException
Event: 0.785 Loading class java/util/zip/ZipException done
Event: 0.785 Loading class jdk/internal/module/SystemModules$all
Event: 0.786 Loading class jdk/internal/module/SystemModules$all done
Event: 0.796 Loading class java/util/ResourceBundle$Control
Event: 0.796 Loading class java/util/ResourceBundle$Control done
Event: 0.796 Loading class java/util/ResourceBundle
Event: 0.797 Loading class java/util/ResourceBundle done
Event: 0.797 Loading class java/lang/reflect/AnnotatedType
Event: 0.797 Loading class java/lang/reflect/AnnotatedType done
Event: 0.799 Loading class java/io/NotSerializableException
Event: 0.799 Loading class java/io/NotSerializableException done
Event: 0.800 Loading class java/util/concurrent/CompletionException
Event: 0.800 Loading class java/util/concurrent/CompletionException done
Event: 0.813 Loading class java/util/OptionalInt
Event: 0.814 Loading class java/util/OptionalInt done
Event: 0.814 Loading class java/util/OptionalDouble
Event: 0.814 Loading class java/util/OptionalDouble done
Event: 0.814 Loading class java/util/OptionalLong
Event: 0.814 Loading class java/util/OptionalLong done

Classes unloaded (0 events):
No events

Classes redefined (0 events):
No events

Internal exceptions (20 events):
Event: 0.616 Thread 0x0000025d7eeb3cb0 Exception <a 'java/lang/NoSuchMethodError'{0x00000007100a00a0}: 'void java.lang.invoke.DirectMethodHandle$Holder.invokeStaticInit(java.lang.Object)'> (0x00000007100a00a0) 
thrown [s\open\src\hotspot\share\interpreter\linkResolver.cpp, line 804]
Event: 0.640 Thread 0x0000025d7eeb3cb0 Exception <a 'java/lang/NoSuchMethodError'{0x000000070fe860f8}: 'java.lang.Object java.lang.invoke.DirectMethodHandle$Holder.newInvokeSpecial(java.lang.Object, java.lang.Object, java.lang.Object, java.lang.Object, java.lang.Object, java.lang.Object, java.lang.Object)'> (0x000000070fe860f8) 
thrown [s\open\src\hotspot\share\interpreter\linkResolver.cpp, line 804]
Event: 0.641 Thread 0x0000025d7eeb3cb0 Exception <a 'java/lang/NoSuchMethodError'{0x000000070fea34e8}: 'void java.lang.invoke.DirectMethodHandle$Holder.invokeStaticInit(java.lang.Object, java.lang.Object)'> (0x000000070fea34e8) 
thrown [s\open\src\hotspot\share\interpreter\linkResolver.cpp, line 804]
Event: 0.643 Thread 0x0000025d7eeb3cb0 Exception <a 'java/lang/NoSuchMethodError'{0x000000070fecee08}: 'void java.lang.invoke.DirectMethodHandle$Holder.invokeInterface(java.lang.Object, java.lang.Object)'> (0x000000070fecee08) 
thrown [s\open\src\hotspot\share\interpreter\linkResolver.cpp, line 804]
Event: 0.645 Thread 0x0000025d7eeb3cb0 Exception <a 'java/lang/NoSuchMethodError'{0x000000070ff090b8}: 'int java.lang.invoke.DirectMethodHandle$Holder.invokeStatic(java.lang.Object, java.lang.Object, java.lang.Object, java.lang.Object)'> (0x000000070ff090b8) 
thrown [s\open\src\hotspot\share\interpreter\linkResolver.cpp, line 804]
Event: 0.648 Thread 0x0000025d7eeb3cb0 Exception <a 'java/lang/NoSuchMethodError'{0x000000070ff4c570}: 'java.lang.Object java.lang.invoke.Invokers$Holder.invokeExact_MT(java.lang.Object, java.lang.Object, java.lang.Object, java.lang.Object, java.lang.Object)'> (0x000000070ff4c570) 
thrown [s\open\src\hotspot\share\interpreter\linkResolver.cpp, line 804]
Event: 0.652 Thread 0x0000025d7eeb3cb0 Exception <a 'java/lang/NoSuchMethodError'{0x000000070ffb33c0}: 'java.lang.Object java.lang.invoke.DirectMethodHandle$Holder.invokeSpecial(java.lang.Object, java.lang.Object, java.lang.Object, java.lang.Object, java.lang.Object, java.lang.Object, int)'> (0x000000070ffb33c0) 
thrown [s\open\src\hotspot\share\interpreter\linkResolver.cpp, line 804]
Event: 0.652 Thread 0x0000025d7eeb3cb0 Exception <a 'java/lang/NoSuchMethodError'{0x000000070ffc54a8}: 'java.lang.Object java.lang.invoke.DirectMethodHandle$Holder.newInvokeSpecial(java.lang.Object, java.lang.Object, java.lang.Object, java.lang.Object, java.lang.Object, java.lang.Object, int)'> (0x000000070ffc54a8) 
thrown [s\open\src\hotspot\share\interpreter\linkResolver.cpp, line 804]
Event: 0.668 Thread 0x0000025d7eeb3cb0 Exception <a 'java/lang/NoSuchMethodError'{0x000000070fd06de0}: 'int java.lang.invoke.DirectMethodHandle$Holder.invokeInterface(java.lang.Object, java.lang.Object)'> (0x000000070fd06de0) 
thrown [s\open\src\hotspot\share\interpreter\linkResolver.cpp, line 804]
Event: 0.670 Thread 0x0000025d7eeb3cb0 Exception <a 'java/lang/NoSuchMethodError'{0x000000070fd453c0}: 'void java.lang.invoke.DirectMethodHandle$Holder.invokeSpecial(java.lang.Object, java.lang.Object, java.lang.Object, java.lang.Object, java.lang.Object)'> (0x000000070fd453c0) 
thrown [s\open\src\hotspot\share\interpreter\linkResolver.cpp, line 804]
Event: 0.687 Thread 0x0000025d7eeb3cb0 Exception <a 'java/lang/NoSuchMethodError'{0x000000070fa86b60}: 'java.lang.Object java.lang.invoke.DirectMethodHandle$Holder.newInvokeSpecial(java.lang.Object, java.lang.Object, java.lang.Object, int, java.lang.Object)'> (0x000000070fa86b60) 
thrown [s\open\src\hotspot\share\interpreter\linkResolver.cpp, line 804]
Event: 0.688 Thread 0x0000025d7eeb3cb0 Exception <a 'java/lang/NoSuchMethodError'{0x000000070fa972a8}: 'java.lang.Object java.lang.invoke.Invokers$Holder.linkToTargetMethod(java.lang.Object, java.lang.Object, int, java.lang.Object, java.lang.Object)'> (0x000000070fa972a8) 
thrown [s\open\src\hotspot\share\interpreter\linkResolver.cpp, line 804]
Event: 0.688 Thread 0x0000025d7eeb3cb0 Exception <a 'java/lang/NoSuchMethodError'{0x000000070fab2b10}: 'java.lang.Object java.lang.invoke.DirectMethodHandle$Holder.newInvokeSpecial(java.lang.Object, int, java.lang.Object)'> (0x000000070fab2b10) 
thrown [s\open\src\hotspot\share\interpreter\linkResolver.cpp, line 804]
Event: 0.689 Thread 0x0000025d7eeb3cb0 Exception <a 'java/lang/NoSuchMethodError'{0x000000070fabc100}: 'int java.lang.invoke.DirectMethodHandle$Holder.invokeSpecialIFC(java.lang.Object, java.lang.Object, java.lang.Object, java.lang.Object)'> (0x000000070fabc100) 
thrown [s\open\src\hotspot\share\interpreter\linkResolver.cpp, line 804]
Event: 0.700 Thread 0x0000025d7eeb3cb0 Exception <a 'java/lang/NoSuchMethodError'{0x000000070fb9cd38}: 'void java.lang.invoke.DirectMethodHandle$Holder.invokeInterface(java.lang.Object, java.lang.Object, java.lang.Object)'> (0x000000070fb9cd38) 
thrown [s\open\src\hotspot\share\interpreter\linkResolver.cpp, line 804]
Event: 0.712 Thread 0x0000025d7eeb3cb0 Exception <a 'java/lang/NoSuchMethodError'{0x000000070f867220}: 'void java.lang.invoke.DirectMethodHandle$Holder.invokeStaticInit(java.lang.Object, java.lang.Object, java.lang.Object)'> (0x000000070f867220) 
thrown [s\open\src\hotspot\share\interpreter\linkResolver.cpp, line 804]
Event: 0.714 Thread 0x0000025d7eeb3cb0 Exception <a 'java/lang/NoSuchMethodError'{0x000000070f8b6ff8}: 'java.lang.Object java.lang.invoke.DirectMethodHandle$Holder.invokeVirtual(java.lang.Object, java.lang.Object, java.lang.Object)'> (0x000000070f8b6ff8) 
thrown [s\open\src\hotspot\share\interpreter\linkResolver.cpp, line 804]
Event: 0.725 Thread 0x0000025d7eeb3cb0 Exception <a 'java/lang/NoSuchMethodError'{0x000000070f988490}: 'void java.lang.invoke.DirectMethodHandle$Holder.invokeVirtual(java.lang.Object, java.lang.Object, java.lang.Object, java.lang.Object)'> (0x000000070f988490) 
thrown [s\open\src\hotspot\share\interpreter\linkResolver.cpp, line 804]
Event: 0.772 Thread 0x0000025d7eeb3cb0 Exception <a 'java/lang/IncompatibleClassChangeError'{0x000000071236a158}: Found class java.lang.Object, but interface was expected> (0x000000071236a158) 
thrown [s\open\src\hotspot\share\interpreter\linkResolver.cpp, line 871]
Event: 0.776 Thread 0x0000025d7eeb3cb0 Exception <a 'java/lang/NoSuchMethodError'{0x0000000712381c00}: 'int java.lang.invoke.DirectMethodHandle$Holder.invokeVirtual(java.lang.Object, java.lang.Object)'> (0x0000000712381c00) 
thrown [s\open\src\hotspot\share\interpreter\linkResolver.cpp, line 804]

VM Operations (20 events):
Event: 0.181 Executing non-safepoint VM operation: HandshakeAllThreads (Deoptimize)
Event: 0.181 Executing non-safepoint VM operation: HandshakeAllThreads (Deoptimize) done
Event: 0.280 Executing non-safepoint VM operation: HandshakeAllThreads (Deoptimize)
Event: 0.280 Executing non-safepoint VM operation: HandshakeAllThreads (Deoptimize) done
Event: 0.313 Executing non-safepoint VM operation: HandshakeAllThreads (Deoptimize)
Event: 0.313 Executing non-safepoint VM operation: HandshakeAllThreads (Deoptimize) done
Event: 0.337 Executing non-safepoint VM operation: HandshakeAllThreads (Deoptimize)
Event: 0.337 Executing non-safepoint VM operation: HandshakeAllThreads (Deoptimize) done
Event: 0.437 Executing non-safepoint VM operation: HandshakeAllThreads (Deoptimize)
Event: 0.437 Executing non-safepoint VM operation: HandshakeAllThreads (Deoptimize) done
Event: 0.472 Executing non-safepoint VM operation: HandshakeAllThreads (Deoptimize)
Event: 0.472 Executing non-safepoint VM operation: HandshakeAllThreads (Deoptimize) done
Event: 0.717 Executing non-safepoint VM operation: HandshakeAllThreads (Deoptimize)
Event: 0.717 Executing non-safepoint VM operation: HandshakeAllThreads (Deoptimize) done
Event: 0.753 Executing non-safepoint VM operation: HandshakeAllThreads (Deoptimize)
Event: 0.753 Executing non-safepoint VM operation: HandshakeAllThreads (Deoptimize) done
Event: 0.754 Executing non-safepoint VM operation: HandshakeAllThreads (Deoptimize)
Event: 0.754 Executing non-safepoint VM operation: HandshakeAllThreads (Deoptimize) done
Event: 0.761 Executing safepoint VM operation: G1CollectForAllocation (G1 Evacuation Pause)
Event: 0.766 Executing safepoint VM operation: G1CollectForAllocation (G1 Evacuation Pause) done

Memory protections (0 events):
No events

Nmethod flushes (0 events):
No events

Events (16 events):
Event: 0.018 Thread 0x0000025d68874f50 Thread added: 0x0000025d68874f50
Event: 0.049 Thread 0x0000025d68874f50 Thread added: 0x0000025d7d899380
Event: 0.049 Thread 0x0000025d68874f50 Thread added: 0x0000025d7d89a7f0
Event: 0.050 Thread 0x0000025d68874f50 Thread added: 0x0000025d7d8a6b10
Event: 0.050 Thread 0x0000025d68874f50 Thread added: 0x0000025d7d8a76d0
Event: 0.050 Thread 0x0000025d68874f50 Thread added: 0x0000025d7d8a86a0
Event: 0.050 Thread 0x0000025d68874f50 Thread added: 0x0000025d7d89d850
Event: 0.050 Thread 0x0000025d68874f50 Thread added: 0x0000025d6abd8990
Event: 0.140 Thread 0x0000025d6abd8990 Thread added: 0x0000025d6abd91a0
Event: 0.140 Thread 0x0000025d6abd8990 Thread added: 0x0000025d6abd99b0
Event: 0.144 Thread 0x0000025d68874f50 Thread added: 0x0000025d7e0854c0
Event: 0.148 Thread 0x0000025d68874f50 Thread added: 0x0000025d7e08ebd0
Event: 0.340 Thread 0x0000025d6abd91a0 Thread added: 0x0000025d6abd4100
Event: 0.522 Thread 0x0000025d68874f50 Thread added: 0x0000025d7eeb1710
Event: 0.524 Thread 0x0000025d7eeb1710 Thread added: 0x0000025d7eeb3cb0
Event: 0.759 Thread 0x0000025d7eeb3cb0 Thread added: 0x0000025d7f048800


Dynamic libraries:
0x00007ff7a0bc0000 - 0x00007ff7a0bd0000 	D:\Java\jdk-25\bin\java.exe
0x00007ffaf1450000 - 0x00007ffaf1667000 	C:\WINDOWS\SYSTEM32\ntdll.dll
0x00007ffaa0580000 - 0x00007ffaa05a1000 	C:\Program Files\Avast Software\Avast\aswhook.dll
0x00007ffaf00e0000 - 0x00007ffaf01a4000 	C:\WINDOWS\System32\KERNEL32.DLL
0x00007ffaeed00000 - 0x00007ffaef0d2000 	C:\WINDOWS\System32\KERNELBASE.dll
0x00007ffaee860000 - 0x00007ffaee971000 	C:\WINDOWS\System32\ucrtbase.dll
0x00007ffad3e40000 - 0x00007ffad3e5e000 	D:\Java\jdk-25\bin\VCRUNTIME140.dll
0x00007ffae3c60000 - 0x00007ffae3c77000 	D:\Java\jdk-25\bin\jli.dll
0x00007ffaef120000 - 0x00007ffaef2d1000 	C:\WINDOWS\System32\USER32.dll
0x00007ffad2de0000 - 0x00007ffad307b000 	C:\WINDOWS\WinSxS\amd64_microsoft.windows.common-controls_6595b64144ccf1df_6.0.22621.5547_none_27104afb73855772\COMCTL32.dll
0x00007ffaee670000 - 0x00007ffaee696000 	C:\WINDOWS\System32\win32u.dll
0x00007ffaefc20000 - 0x00007ffaefcc7000 	C:\WINDOWS\System32\msvcrt.dll
0x00007ffaf0050000 - 0x00007ffaf0079000 	C:\WINDOWS\System32\GDI32.dll
0x00007ffaee540000 - 0x00007ffaee663000 	C:\WINDOWS\System32\gdi32full.dll
0x00007ffaeebe0000 - 0x00007ffaeec7a000 	C:\WINDOWS\System32\msvcp_win.dll
0x00007ffaef0e0000 - 0x00007ffaef111000 	C:\WINDOWS\System32\IMM32.DLL
0x00007ffae87e0000 - 0x00007ffae87ec000 	D:\Java\jdk-25\bin\vcruntime140_1.dll
0x00007ffaab180000 - 0x00007ffaab20d000 	D:\Java\jdk-25\bin\msvcp140.dll
0x00007ff9fb960000 - 0x00007ff9fc7bf000 	D:\Java\jdk-25\bin\server\jvm.dll
0x00007ffaefe30000 - 0x00007ffaefee1000 	C:\WINDOWS\System32\ADVAPI32.dll
0x00007ffaf01b0000 - 0x00007ffaf0258000 	C:\WINDOWS\System32\sechost.dll
0x00007ffaeeaf0000 - 0x00007ffaeeb18000 	C:\WINDOWS\System32\bcrypt.dll
0x00007ffaefd00000 - 0x00007ffaefe14000 	C:\WINDOWS\System32\RPCRT4.dll
0x00007ffaf1390000 - 0x00007ffaf1401000 	C:\WINDOWS\System32\WS2_32.dll
0x00007ffae3ab0000 - 0x00007ffae3ae4000 	C:\WINDOWS\SYSTEM32\WINMM.dll
0x00007ffaed720000 - 0x00007ffaed76d000 	C:\WINDOWS\SYSTEM32\POWRPROF.dll
0x00007ffae0210000 - 0x00007ffae021a000 	C:\WINDOWS\SYSTEM32\VERSION.dll
0x00007ffaed6c0000 - 0x00007ffaed6d3000 	C:\WINDOWS\SYSTEM32\UMPDC.dll
0x00007ffaed5a0000 - 0x00007ffaed5b8000 	C:\WINDOWS\SYSTEM32\kernel.appcore.dll
0x00007ffae5920000 - 0x00007ffae592a000 	D:\Java\jdk-25\bin\jimage.dll
0x00007ffaebbb0000 - 0x00007ffaebde3000 	C:\WINDOWS\SYSTEM32\DBGHELP.DLL
0x00007ffaf0260000 - 0x00007ffaf05f3000 	C:\WINDOWS\System32\combase.dll
0x00007ffaf12b0000 - 0x00007ffaf1387000 	C:\WINDOWS\System32\OLEAUT32.dll
0x00007ffade910000 - 0x00007ffade942000 	C:\WINDOWS\SYSTEM32\dbgcore.DLL
0x00007ffaee7e0000 - 0x00007ffaee85b000 	C:\WINDOWS\System32\bcryptPrimitives.dll
0x00007ffacce70000 - 0x00007ffacce8f000 	D:\Java\jdk-25\bin\java.dll
0x00007ffaef9c0000 - 0x00007ffaefb60000 	C:\WINDOWS\System32\ole32.dll
0x00007ffaf09f0000 - 0x00007ffaf1292000 	C:\WINDOWS\System32\SHELL32.dll
0x00007ffaee6a0000 - 0x00007ffaee7df000 	C:\WINDOWS\System32\wintypes.dll
0x00007ffaec420000 - 0x00007ffaecd3d000 	C:\WINDOWS\SYSTEM32\windows.storage.dll
0x00007ffaef8b0000 - 0x00007ffaef9bc000 	C:\WINDOWS\System32\SHCORE.dll
0x00007ffaf08e0000 - 0x00007ffaf0949000 	C:\WINDOWS\System32\shlwapi.dll
0x00007ffaee470000 - 0x00007ffaee49b000 	C:\WINDOWS\SYSTEM32\profapi.dll
0x00007ffac3050000 - 0x00007ffac3062000 	D:\Java\jdk-25\bin\net.dll
0x00007ffaedaa0000 - 0x00007ffaedb09000 	C:\WINDOWS\system32\mswsock.dll
0x00007ffab2a80000 - 0x00007ffab2a96000 	D:\Java\jdk-25\bin\nio.dll
0x00007ffab2a60000 - 0x00007ffab2a77000 	D:\Java\jdk-25\bin\zip.dll
0x00007ffac79c0000 - 0x00007ffac79ca000 	D:\Java\jdk-25\bin\management.dll
0x00007ffac3220000 - 0x00007ffac322c000 	D:\Java\jdk-25\bin\management_ext.dll
0x00007ffaf12a0000 - 0x00007ffaf12a8000 	C:\WINDOWS\System32\PSAPI.DLL

JVMTI agents: none

dbghelp: loaded successfully - version: 4.0.5 - missing functions: none
symbol engine: initialized successfully - sym options: 0x614 - pdb path: .;D:\Java\jdk-25\bin;C:\WINDOWS\SYSTEM32;C:\Program Files\Avast Software\Avast;C:\WINDOWS\WinSxS\amd64_microsoft.windows.common-controls_6595b64144ccf1df_6.0.22621.5547_none_27104afb73855772;D:\Java\jdk-25\bin\server

VM Arguments:
jvm_args: -XX:TieredStopAtLevel=1 
java_command: com.example.backend.BackendApplication
java_class_path (initial): D:\FunTrack\backend\target\classes;C:\Users\nssha\.m2\repository\ch\qos\logback\logback-classic\1.5.22\logback-classic-1.5.22.jar;C:\Users\nssha\.m2\repository\ch\qos\logback\logback-core\1.5.22\logback-core-1.5.22.jar;C:\Users\nssha\.m2\repository\org\apache\logging\log4j\log4j-to-slf4j\2.25.3\log4j-to-slf4j-2.25.3.jar;C:\Users\nssha\.m2\repository\org\apache\logging\log4j\log4j-api\2.25.3\log4j-api-2.25.3.jar;C:\Users\nssha\.m2\repository\org\slf4j\jul-to-slf4j\2.0.17\jul-to-slf4j-2.0.17.jar;C:\Users\nssha\.m2\repository\jakarta\annotation\jakarta.annotation-api\3.0.0\jakarta.annotation-api-3.0.0.jar;C:\Users\nssha\.m2\repository\org\yaml\snakeyaml\2.5\snakeyaml-2.5.jar;C:\Users\nssha\.m2\repository\org\springframework\boot\spring-boot-security-oauth2-client\4.0.1\spring-boot-security-oauth2-client-4.0.1.jar;C:\Users\nssha\.m2\repository\org\springframework\security\spring-security-oauth2-client\7.0.2\spring-security-oauth2-client-7.0.2.jar;C:\Users\nssha\.m2\repository\com\nimbusds\oauth2-oidc-sdk\11.26.1\oauth2-oidc-sdk-11.26.1.jar;C:\Users\nssha\.m2\repository\com\github\stephenc\jcip\jcip-annotations\1.0-1\jcip-annotations-1.0-1.jar;C:\Users\nssha\.m2\repository\com\nimbusds\content-type\2.3\content-type-2.3.jar;C:\Users\nssha\.m2\repository\com\nimbusds\lang-tag\1.7\lang-tag-1.7.jar;C:\Users\nssha\.m2\repository\org\springframework\security\spring-security-oauth2-jose\7.0.2\spring-security-oauth2-jose-7.0.2.jar;C:\Users\nssha\.m2\repository\org\springframework\security\spring-security-core\7.0.2\spring-security-core-7.0.2.jar;C:\Users\nssha\.m2\repository\org\springframework\security\spring-security-crypto\7.0.2\spring-security-crypto-7.0.2.jar;C:\Users\nssha\.m2\repository\org\springframework\spring-beans\7.0.2\spring-beans-7.0.2.jar;C:\Users\nssha\.m2\repository\org\springframework\spring-context\7.0.2\spring-context-7.0.2.jar;C:\Users\nssha\.m2\repository\org\springframework\spring-expression\7.0.2\spring-expression-7.0.2.jar;C:\Users\nssha\.m2\repository\org\springframework\security\spring-security-oauth2-core\7.0.2\spring-security-oauth2-core-7.0.2.jar;C:\Users\nssha\.m2\repository\org\springframework\spring-web\7.0.2\spring-web-7.0.2.jar;C:\Users\nssha\.m2\repository\org\springframework\spring-core\7.0.2\spring-core-7.0.2.jar;C:\Users\nssha\.m2\repository\commons-logging\commons-logging\1.3.5\commons-logging-1.3.5.jar;C:\Users\nssha\.m2\repository\org\jspecify\jspecify\1.0.0\jspecify-1.0.0.jar;C:\Users\nssha\.m2\repository\com\nimbusds\nimbus-jose-jwt\10.4\nimbus-jose-jwt-10.4.jar;C:\Users\nssha\.m2\repository\org\springframework\boot\spring-boot-micrometer-metrics\4.0.1\spring-boot-micrometer-metrics-4.0.1.jar;C:\Users\nssha\.m2\repository\org\springframework\boot\spring-boot-micrometer-observation\4.0.1\spring-boot-micrometer-observation-4.0.1.jar;C:\Users\nssha\.m2\repository\org\springframework\boot\spring-boot-actuator-autoconfigure\4.0.1\spring-boot-actuator-autoconfigure-4.0.1.jar;C:\Users\nssha\.m2\repository\org\springframework\boot\spring-boot-actuator\4.0.1\spring-boot-actuator-4.0.1.jar;C:\Users\nssha\.m2\repository\org\springframework\boot\spring-boot-health\4.0.1\spring-boot-health-4.0.1.jar;C:\Users\nssha\.m2\repository\io\micrometer\micrometer-observation\1.16.1\micrometer-observation-1.16.1.jar;C:\Users\nssha\.m2\repository\io\micrometer\micrometer-commons\1.16.1\micrometer-commons-1.16.1.jar;C:\Users\nssha\.m2\repository\io\micrometer\micrometer-jakarta9\1.16.1\micrometer-jakarta9-1.16.1.jar;C:\Users\nssha\.m2\repository\io\micrometer\micrometer-core\1.16.1\micrometer-core-1.16.1.jar;C:\Users\nssha\.m2\repository\org\hdrhistogram\HdrHistogram\2.2.2\HdrHistogram-2.2.2.jar;C:\Users\nssha\.m2\repository\org\latencyutils\LatencyUtils\2.0.3\LatencyUtils-2.0.3.jar;C:\Users\nssha\.m2\repository\com\zaxxer\HikariCP\7.0.2\HikariCP-7.0.2.jar;C:\Users\nssha\.m2\repository\org\slf4j\slf4j-api\2.0.17\slf4j-api-2.0.17.jar;C:\Users\nssha\.m2\repository\org\springframework\boot\spring-boot-data-jpa\4.0.1\spring-boot-data-jpa-4.0.1.jar;C:\Users\nssha\.m2\repository\org\springframework\boot\spring-boot-data-commons\4.0.1\spring-boot-data-commons-4.0.1.jar;C:\Users\nssha\.m2\repository\org\springframework\boot\spring-boot-persistence\4.0.1\spring-boot-persistence-4.0.1.jar;C:\Users\nssha\.m2\repository\org\springframework\data\spring-data-commons\4.0.1\spring-data-commons-4.0.1.jar;C:\Users\nssha\.m2\repository\org\springframework\boot\spring-boot-hibernate\4.0.1\spring-boot-hibernate-4.0.1.jar;C:\Users\nssha\.m2\repository\org\springframework\boot\spring-boot-jpa\4.0.1\spring-boot-jpa-4.0.1.jar;C:\Users\nssha\.m2\repository\jakarta\persistence\jakarta.persistence-api\3.2.0\jakarta.persistence-api-3.2.0.jar;C:\Users\nssha\.m2\repository\org\hibernate\orm\hibernate-core\7.2.0.Final\hibernate-core-7.2.0.Final.jar;C:\Users\nssha\.m2\repository\jakarta\transaction\jakarta.transaction-api\2.0.1\jakarta.transaction-api-2.0.1.jar;C:\Users\nssha\.m2\repository\org\hibernate\models\hibernate-models\1.0.1\hibernate-models-1.0.1.jar;C:\Users\nssha\.m2\repository\org\glassfish\jaxb\jaxb-runtime\4.0.6\jaxb-runtime-4.0.6.jar;C:\Users\nssha\.m2\repository\org\glassfish\jaxb\jaxb-core\4.0.6\jaxb-core-4.0.6.jar;C:\Users\nssha\.m2\repository\org\eclipse\angus\angus-activation\2.0.3\angus-activation-2.0.3.jar;C:\Users\nssha\.m2\repository\org\glassfish\jaxb\txw2\4.0.6\txw2-4.0.6.jar;C:\Users\nssha\.m2\repository\com\sun\istack\istack-commons-runtime\4.1.2\istack-commons-runtime-4.1.2.jar;C:\Users\nssha\.m2\repository\jakarta\inject\jakarta.inject-api\2.0.1\jakarta.inject-api-2.0.1.jar;C:\Users\nssha\.m2\repository\org\springframework\spring-orm\7.0.2\spring-orm-7.0.2.jar;C:\Users\nssha\.m2\repository\org\springframework\data\spring-data-jpa\4.0.1\spring-data-jpa-4.0.1.jar;C:\Users\nssha\.m2\repository\org\springframework\spring-tx\7.0.2\spring-tx-7.0.2.jar;C:\Users\nssha\.m2\repository\org\antlr\antlr4-runtime\4.13.2\antlr4-runtime-4.13.2.jar;C:\Users\nssha\.m2\repository\org\springframework\spring-aspects\7.0.2\spring-aspects-7.0.2.jar;C:\Users\nssha\.m2\repository\org\aspectj\aspectjweaver\1.9.25.1\aspectjweaver-1.9.25.1.jar;C:\Users\nssha\.m2\repository\org\springframework\boot\spring-boot-jdbc\4.0.1\spring-boot-jdbc-4.0.1.jar;C:\Users\nssha\.m2\repository\org\springframework\boot\spring-boot-sql\4.0.1\spring-boot-sql-4.0.1.jar;C:\Users\nssha\.m2\repository\org\springframework\boot\spring-boot-transaction\4.0.1\spring-boot-transaction-4.0.1.jar;C:\Users\nssha\.m2\repository\org\springframework\spring-jdbc\7.0.2\spring-jdbc-7.0.2.jar;C:\Users\nssha\.m2\repository\org\springframework\boot\spring-boot-security\4.0.1\spring-boot-security-4.0.1.jar;C:\Users\nssha\.m2\repository\org\springframework\security\spring-security-config\7.0.2\spring-security-config-7.0.2.jar;C:\Users\nssha\.m2\repository\org\springframework\security\spring-security-web\7.0.2\spring-security-web-7.0.2.jar;C:\Users\nssha\.m2\repository\org\springframework\spring-aop\7.0.2\spring-aop-7.0.2.jar;C:\Users\nssha\.m2\repository\org\springframework\boot\spring-boot-validation\4.0.1\spring-boot-validation-4.0.1.jar;C:\Users\nssha\.m2\repository\org\apache\tomcat\embed\tomcat-embed-el\11.0.15\tomcat-embed-el-11.0.15.jar;C:\Users\nssha\.m2\repository\org\hibernate\validator\hibernate-validator\9.0.1.Final\hibernate-validator-9.0.1.Final.jar;C:\Users\nssha\.m2\repository\jakarta\validation\jakarta.validation-api\3.1.1\jakarta.validation-api-3.1.1.jar;C:\Users\nssha\.m2\repository\org\jboss\logging\jboss-logging\3.6.1.Final\jboss-logging-3.6.1.Final.jar;C:\Users\nssha\.m2\repository\com\fasterxml\classmate\1.7.1\classmate-1.7.1.jar;C:\Users\nssha\.m2\repository\org\springframework\boot\spring-boot-jackson\4.0.1\spring-boot-jackson-4.0.1.jar;C:\Users\nssha\.m2\repository\tools\jackson\core\jackson-databind\3.0.3\jackson-databind-3.0.3.jar;C:\Users\nssha\.m2\repository\com\fasterxml\jackson\core\jackson-annotations\2.20\jackson-annotations-2.20.jar;C:\Users\nssha\.m2\repository\tools\jackson\core\jackson-core\3.0.3\jackson-core-3.0.3.jar;C:\Users\nssha\.m2\repository\org\springframework\boot\spring-boot-web-server\4.0.1\spring-boot-web-server-4.0.1.jar;C:\Users\nssha\.m2\repository\org\apache\tomcat\embed\tomcat-embed-core\11.0.15\tomcat-embed-core-11.0.15.jar;C:\Users\nssha\.m2\repository\org\apache\tomcat\embed\tomcat-embed-websocket\11.0.15\tomcat-embed-websocket-11.0.15.jar;C:\Users\nssha\.m2\repository\org\springframework\boot\spring-boot-tomcat\4.0.1\spring-boot-tomcat-4.0.1.jar;C:\Users\nssha\.m2\repository\org\springframework\boot\spring-boot-http-converter\4.0.1\spring-boot-http-converter-4.0.1.jar;C:\Users\nssha\.m2\repository\org\springframework\boot\spring-boot-webmvc\4.0.1\spring-boot-webmvc-4.0.1.jar;C:\Users\nssha\.m2\repository\org\springframework\boot\spring-boot-servlet\4.0.1\spring-boot-servlet-4.0.1.jar;C:\Users\nssha\.m2\repository\org\springframework\spring-webmvc\7.0.2\spring-webmvc-7.0.2.jar;C:\Users\nssha\.m2\repository\org\springframework\boot\spring-boot-devtools\4.0.1\spring-boot-devtools-4.0.1.jar;C:\Users\nssha\.m2\repository\org\springframework\boot\spring-boot\4.0.1\spring-boot-4.0.1.jar;C:\Users\nssha\.m2\repository\org\springframework\boot\spring-boot-autoconfigure\4.0.1\spring-boot-autoconfigure-4.0.1.jar;C:\Users\nssha\.m2\repository\org\postgresql\postgresql\42.7.8\postgresql-42.7.8.jar;C:\Users\nssha\.m2\repository\org\checkerframework\checker-qual\3.49.5\checker-qual-3.49.5.jar;C:\Users\nssha\.m2\repository\jakarta\xml\bind\jakarta.xml.bind-api\4.0.4\jakarta.xml.bind-api-4.0.4.jar;C:\Users\nssha\.m2\repository\jakarta\activation\jakarta.activation-api\2.1.4\jakarta.activation-api-2.1.4.jar;C:\Users\nssha\.m2\repository\net\minidev\json-smart\2.6.0\json-smart-2.6.0.jar;C:\Users\nssha\.m2\repository\net\minidev\accessors-smart\2.6.0\accessors-smart-2.6.0.jar;C:\Users\nssha\.m2\repository\org\ow2\asm\asm\9.7.1\asm-9.7.1.jar;C:\Users\nssha\.m2\repository\net\bytebuddy\byte-buddy\1.17.8\byte-buddy-1.17.8.jar
Launcher Type: SUN_STANDARD

[Global flags]
     intx CICompilerCount                          = 4                                         {product} {ergonomic}
     uint ConcGCThreads                            = 2                                         {product} {ergonomic}
     uint G1ConcRefinementThreads                  = 8                                         {product} {ergonomic}
   size_t G1HeapRegionSize                         = 2097152                                   {product} {ergonomic}
   size_t InitialHeapSize                          = 266338304                                 {product} {ergonomic}
   size_t MarkStackSize                            = 4194304                                   {product} {ergonomic}
   size_t MarkStackSizeMax                         = 536870912                                 {product} {ergonomic}
   size_t MaxHeapSize                              = 4255121408                                {product} {ergonomic}
   size_t MaxNewSize                               = 2552233984                                {product} {ergonomic}
   size_t MinHeapDeltaBytes                        = 2097152                                   {product} {ergonomic}
   size_t MinHeapSize                              = 8388608                                   {product} {ergonomic}
    uintx NonNMethodCodeHeapSize                   = 4096                                   {pd product} {ergonomic}
    uintx NonProfiledCodeHeapSize                  = 0                                      {pd product} {ergonomic}
     bool ProfileInterpreter                       = false                                  {pd product} {command line}
    uintx ProfiledCodeHeapSize                     = 0                                      {pd product} {ergonomic}
   size_t SoftMaxHeapSize                          = 4255121408                             {manageable} {ergonomic}
     intx TieredStopAtLevel                        = 1                                         {product} {command line}
     bool UseCompressedOops                        = true                           {product lp64_product} {ergonomic}
     bool UseG1GC                                  = true                                      {product} {ergonomic}
     bool UseLargePagesIndividualAllocation        = false                                  {pd product} {ergonomic}

Logging:
Log output configuration:
 #0: stdout all=warning uptime,level,tags foldmultilines=false
 #1: stderr all=off uptime,level,tags foldmultilines=false

Release file:
IMPLEMENTOR="Oracle Corporation" 
JAVA_RUNTIME_VERSION="25.0.1+8-LTS-27" 
JAVA_VERSION="25.0.1" 
JAVA_VERSION_DATE="2025-10-21" 
LIBC="default" 
MODULES="java.base java.compiler java.datatransfer java.xml java.prefs java.desktop java.instrument java.logging java.management java.security.sasl java.naming java.rmi java.management.rmi java.net.http java.scripting java.security.jgss java.transaction.xa java.sql java.sql.rowset java.xml.crypto java.se java.smartcardio jdk.accessibility jdk.internal.jvmstat jdk.attach jdk.charsets jdk.internal.opt jdk.zipfs jdk.compiler jdk.crypto.cryptoki jdk.crypto.ec jdk.crypto.mscapi jdk.dynalink jdk.internal.ed jdk.editpad jdk.internal.vm.ci jdk.graal.compiler jdk.graal.compiler.management jdk.hotspot.agent jdk.httpserver jdk.incubator.vector jdk.internal.le jdk.internal.md jdk.jartool jdk.javadoc jdk.jcmd jdk.management jdk.management.agent jdk.jconsole jdk.jdeps jdk.jdwp.agent jdk.jdi jdk.jfr jdk.jlink jdk.jpackage jdk.jshell jdk.jsobject jdk.jstatd jdk.localedata jdk.management.jfr jdk.naming.dns jdk.naming.rmi jdk.net jdk.nio.mapmode jdk.sctp jdk.security.auth jdk.security.jgss jdk.unsupported jdk.unsupported.desktop jdk.xml.dom" 
OS_ARCH="x86_64" 
OS_NAME="Windows" 
SOURCE=".:git:862c85bc42b7 open:git:78770bfaefd2" 

Environment Variables:
CLASSPATH=A:\jdk 11\lib
PATH=D:\Ruby33-x64\bin;C:\Program Files\Common Files\Oracle\Java\javapath;C:\windows\system32;C:\windows;C:\windows\System32\Wbem;C:\windows\System32\WindowsPowerShell\v1.0\;C:\windows\System32\OpenSSH\;C:\Program Files (x86)\NVIDIA Corporation\PhysX\Common;C:\Program Files\dotnet\;C:\Program Files (x86)\dotnet\;C:\Program Files\Wiimm\WIT;D:\php;C:\WINDOWS\system32;C:\WINDOWS;C:\WINDOWS\System32\Wbem;C:\WINDOWS\System32\WindowsPowerShell\v1.0\;C:\WINDOWS\System32\OpenSSH\;D:\PostgreSQL\bin;C:\Program Files\Git\cmd;C:\Program Files\PuTTY\;D:\Golang\bin;D:\Nodejs\;D:\MySQL\bin;C:\Program Files\NVIDIA Corporation\NVIDIA App\NvDLISR;D:\Java\jdk-25\bin;D:\Python\Scripts\;D:\Python\;A:\jdk 11\bin;C:\Program Files\Wiimm\WIT;C:\Users\nssha\AppData\Local\Programs\Microsoft VS Code\bin;C:\Users\nssha\.dotnet\tools;C:\Users\nssha\AppData\Local\Programs\Python\Python312\Lib\site-packages\gunicorn;D:\mongosh-2.2.1-win32-x64\mongosh-2.2.1-win32-x64\bin;C:\Program Files\MongoDB\Server\7.0\bin;D:\MinGW\msys64\ucrt64\bin;D:\MongoDB\bin;D:\Maven\apache-maven-3.9.8\bin;C:\Users\nssha\AppData\Local\Microsoft\WindowsApps;C:\sqlite;C:\Users\nssha\AppData\Local\GitHubDesktop\bin;D:\PostgreSQL\bin;D:\Python 3.12.3\;C:\Users\nssha\go\bin;D:\Flutter-SDK\flutter\bin;D:\FlutterSDK\flutter\bin;D:\Python3.10;D:\Python3.10\Scripts;C:\Users\nssha\AppData\Roaming\npm;D:\AndroidSDK\;D:\MySQL Server 8.0\bin;D:\MySQL 8.0.35\bin;D:\WORK\FFmpeg\bin;
USERNAME=nssha
OS=Windows_NT
PROCESSOR_IDENTIFIER=Intel64 Family 6 Model 158 Stepping 10, GenuineIntel
TMP=C:\Users\nssha\AppData\Local\Temp
TEMP=C:\Users\nssha\AppData\Local\Temp




Compilation memory statistics disabled.

Periodic native trim disabled

---------------  S Y S T E M  ---------------

OS:
 Windows 11 , 64 bit Build 22621 (10.0.22621.5415)
OS uptime: 0 days 9:49 hours
Hyper-V role detected

CPU: total 8 (initial active 8) (4 cores per cpu, 2 threads per core) family 6 model 158 stepping 10 microcode 0xde, cx8, cmov, fxsr, ht, mmx, 3dnowpref, sse, sse2, sse3, ssse3, sse4.1, sse4.2, popcnt, lzcnt, tsc, tscinvbit, avx, avx2, aes, erms, clmul, bmi1, bmi2, adx, fma, vzeroupper, clflush, clflushopt, hv, rdtscp, f16c
Processor Information for the first 8 processors :
  Max Mhz: 2400, Current Mhz: 2400, Mhz Limit: 2400

Memory: 4k page, system-wide physical 16225M (3944M free)
TotalPageFile size 18321M (AvailPageFile size 3M)
current process WorkingSet (physical memory assigned to process): 113M, peak: 113M
current process commit charge ("private bytes"): 359M, peak: 359M

vm_info: Java HotSpot(TM) 64-Bit Server VM (25.0.1+8-LTS-27) for windows-amd64 JRE (25.0.1+8-LTS-27), built on 2025-09-25T16:41:16Z with unknown MS VC++:1943

END.
